,team_home,team_away,total_home,total_away,firstp_home,firstp_away,secondp_home,secondp_away,thirdp_home,thirdp_away,fourthp_home,fourthp_away
0,Итабом/Бауру,Паулистано,92,73,19,16,25,21,23,16,25,20
1,Паулистано,Итабом/Бауру,64,81,19,17,14,21,17,22,14,21
2,Итабом/Бауру,Паулистано,90,79,23,22,18,17,22,9,27,31
3,Итабом/Бауру,Паулистано,74,78,15,20,25,16,14,20,20,22
4,Паулистано,Итабом/Бауру,82,78,20,19,21,15,25,16,16,28
5,Итабом/Бауру,Пиньейрос,66,60,11,17,23,9,15,16,17,18
6,Пиньейрос,Итабом/Бауру,72,76,17,22,19,12,18,16,18,26
7,Итабом/Бауру,Пиньейрос,94,77,18,17,16,29,34,17,26,14
8,Паулистано,Универсо/Витория,70,67,23,16,12,12,11,15,24,24
9,Итабом/Бауру,Пиньейрос,83,89,24,18,16,17,17,29,26,25
10,Паулистано,Универсо/Витория,82,72,20,20,18,18,26,14,18,20
11,Универсо/Витория,Паулистано,84,93,21,28,19,15,27,19,17,31
12,Пиньейрос,Итабом/Бауру,98,86,24,27,26,22,23,9,25,28
13,Франка,Паулистано,67,80,25,14,12,23,13,21,17,22
14,Моги,Универсо/Витория,85,95,26,24,17,17,14,30,28,24
15,Фламенго,Пиньейрос,75,78,23,21,21,20,17,24,14,13
16,Универсо/Витория,Моги,82,80,20,17,23,14,9,23,19,17
17,Паулистано,Франка,87,105,9,33,24,26,19,20,35,26
18,Пиньейрос,Фламенго,102,98,18,23,27,21,31,28,26,26
19,Итабом/Бауру,Юницеуб,80,78,20,22,19,13,24,21,17,22
20,Моги,Универсо/Витория,88,69,24,15,26,13,17,19,21,22
21,Франка,Паулистано,66,69,15,21,19,7,17,15,15,26
22,Моги,Универсо/Витория,83,87,17,17,20,21,23,23,23,26
23,Фламенго,Пиньейрос,79,90,19,27,26,20,17,25,17,18
24,Юницеуб,Итабом/Бауру,76,85,14,25,22,15,18,20,22,25
25,Франка,Паулистано,92,79,20,19,18,26,21,15,33,19
26,Фламенго,Пиньейрос,83,73,27,22,15,14,20,16,21,21
27,Юницеуб,Итабом/Бауру,73,77,19,19,16,22,23,18,15,18
28,Универсо/Витория,Моги,83,89,12,17,21,16,22,26,28,30
29,Паулистано,Франка,80,65,10,16,20,24,17,11,33,14
30,Пиньейрос,Фламенго,85,96,26,29,21,22,23,16,15,29
31,Итабом/Бауру,Юницеуб,87,88,12,17,28,21,16,17,18,19
32,Универсо/Витория,Кампо-Муран,73,60,15,12,27,16,24,15,7,17
33,Паулистано,Сеаренсе,76,72,17,26,21,14,16,17,22,15
34,Пиньейрос,Васко да Гама,93,82,22,23,21,14,30,23,20,22
35,Кампо-Муран,Универсо/Витория,68,66,12,15,15,14,18,19,23,18
36,Васко да Гама,Пиньейрос,79,73,17,15,18,16,24,18,20,24
37,Сеаренсе,Паулистано,67,82,17,18,9,21,21,25,20,18
38,Универсо/Витория,Кампо-Муран,72,81,17,21,21,24,17,16,17,20
39,Универсо/Витория,Кампо-Муран,82,80,25,22,21,19,9,22,27,17
40,Паулистано,Сеаренсе,81,85,25,19,26,21,15,27,15,18
41,Итабом/Бауру,Макаэ,93,83,22,24,23,13,24,17,24,29
42,Паулистано,Сеаренсе,83,75,21,14,15,16,23,23,24,22
43,Пиньейрос,Васко да Гама,81,78,24,18,20,18,16,17,21,25
44,Итабом/Бауру,Макаэ,91,79,23,19,24,23,21,19,23,18
45,Пиньейрос,Васко да Гама,80,85,8,18,22,17,32,17,18,33
46,Кампо-Муран,Универсо/Витория,63,85,17,22,17,23,8,24,21,16
47,Сеаренсе,Паулистано,87,84,14,20,18,21,23,15,20,19
48,Макаэ,Итабом/Бауру,70,80,15,24,22,12,19,19,14,25
49,Васко да Гама,Пиньейрос,74,83,9,16,24,20,17,31,24,16
50,Итабом/Бауру,Кампо-Муран,83,54,20,17,17,14,24,17,22,6
51,Макаэ,Минас,99,65,27,15,15,16,28,19,29,15
52,Паулистано,Универсо/Витория,83,66,21,18,21,14,19,15,22,19
53,Пиньейрос,Васко да Гама,72,81,19,16,17,16,15,25,21,24
54,Сорокабана,Сеаренсе,63,65,13,13,17,18,23,15,10,19
55,Фламенго,Юницеуб,71,77,20,20,18,18,17,18,16,21
56,Франка,Моги,82,78,18,20,17,19,24,20,23,19
57,Франка,Кампо-Муран,61,42,15,8,19,7,16,13,11,14
58,Сорокабана,Универсо/Витория,62,69,14,12,22,18,9,19,17,20
59,Итабом/Бауру,Моги,80,87,9,17,13,13,24,24,28,20
60,Паулистано,Сеаренсе,79,67,25,12,13,25,21,11,20,19
61,Пиньейрос,Кашиас-до-Сул,95,69,24,20,26,16,26,19,19,14
62,Фламенго,Минас,108,74,24,17,28,14,30,20,26,23
63,Макаэ,Юницеуб,87,74,22,19,17,11,27,20,21,24
64,Минас,Франка,80,84,23,17,17,19,21,17,19,31
65,Юницеуб,Итабом/Бауру,92,89,24,28,24,19,23,18,21,24
66,Васко да Гама,Паулистано,67,82,14,14,18,26,18,19,17,23
67,Кашиас-до-Сул,Сорокабана,59,67,16,15,18,19,14,13,11,20
68,Моги,Пиньейрос,90,78,20,20,22,19,24,23,24,16
69,Универсо/Витория,Фламенго,87,93,17,17,17,19,18,22,25,19
70,Сеаренсе,Макаэ,77,71,23,16,14,18,20,24,20,13
71,Юницеуб,Франка,88,92,22,23,16,26,31,23,19,20
72,Минас,Итабом/Бауру,77,89,19,21,16,25,22,25,20,18
73,Кампо-Муран,Пиньейрос,81,83,18,27,19,18,16,19,28,19
74,Кашиас-до-Сул,Паулистано,80,82,15,19,19,20,27,16,19,27
75,Универсо/Витория,Макаэ,84,90,11,25,14,19,28,25,31,21
76,Сеаренсе,Фламенго,81,94,18,21,12,26,22,20,29,27
77,Васко да Гама,Сорокабана,89,66,26,9,20,17,22,16,21,24
78,Васко да Гама,Кашиас-до-Сул,57,76,19,13,15,17,12,23,11,23
79,Макаэ,Фламенго,80,82,21,26,12,22,26,23,21,11
80,Универсо/Витория,Сеаренсе,82,68,13,14,25,20,32,22,12,12
81,Моги,Кампо-Муран,74,71,19,15,22,23,17,16,16,17
82,Паулистано,Сорокабана,92,57,17,18,34,11,26,11,15,17
83,Минас,Юницеуб,62,74,15,13,14,24,10,23,23,14
84,Макаэ,Кашиас-до-Сул,73,67,24,16,15,19,14,17,20,15
85,Фламенго,Васко да Гама,94,86,25,22,18,19,25,23,26,22
86,Паулистано,Пиньейрос,67,74,19,14,11,19,16,13,21,28
87,Кампо-Муран,Юницеуб,80,90,25,21,19,22,17,29,19,18
88,Франка,Универсо/Витория,81,74,21,27,20,14,17,15,23,18
89,Итабом/Бауру,Сеаренсе,78,72,20,20,24,14,13,13,21,25
90,Моги,Минас,87,64,27,11,15,19,23,18,22,16
91,Сорокабана,Пиньейрос,64,63,23,15,7,21,19,10,15,17
92,Кампо-Муран,Минас,114,105,25,18,16,18,15,27,27,20
93,Франка,Сеаренсе,78,82,25,21,17,11,16,27,20,23
94,Итабом/Бауру,Универсо/Витория,83,71,20,12,16,20,20,17,27,22
95,Моги,Юницеуб,84,58,24,16,27,14,17,14,16,14
96,Франка,Итабом/Бауру,92,85,24,17,13,19,18,14,18,23
97,Универсо/Витория,Моги,60,63,15,13,18,11,19,17,8,22
98,Пиньейрос,Минас,95,92,17,22,16,25,29,13,33,32
99,Сеаренсе,Кампо-Муран,75,81,15,22,22,13,19,22,19,24
100,Васко да Гама,Франка,79,77,24,24,16,14,17,17,22,22
101,Кашиас-до-Сул,Итабом/Бауру,76,74,19,31,17,18,11,13,29,12
102,Сорокабана,Макаэ,73,77,16,16,12,19,19,11,12,13
103,Паулистано,Фламенго,103,96,25,20,26,24,18,27,34,25
104,Универсо/Витория,Кампо-Муран,86,79,23,22,17,20,16,10,30,27
105,Пиньейрос,Юницеуб,86,78,17,20,22,15,23,19,24,24
106,Сеаренсе,Моги,77,85,25,5,25,24,13,26,13,21
107,Кашиас-до-Сул,Франка,95,100,16,15,23,13,12,21,17,19
108,Сорокабана,Фламенго,58,90,22,21,10,23,10,20,16,26
109,Васко да Гама,Итабом/Бауру,64,90,17,20,21,16,8,24,18,30
110,Паулистано,Макаэ,85,65,21,16,19,19,26,13,19,17
111,Универсо/Витория,Кашиас-до-Сул,76,67,12,11,23,16,16,20,25,20
112,Сеаренсе,Васко да Гама,89,80,16,15,18,26,21,15,19,18
113,Универсо/Витория,Васко да Гама,73,64,17,16,21,17,14,14,21,17
114,Сеаренсе,Кашиас-до-Сул,88,78,19,20,17,22,26,24,26,12
115,Франка,Пиньейрос,99,78,25,13,20,26,29,20,25,19
116,Фламенго,Кампо-Муран,79,69,19,16,16,11,19,17,25,25
117,Юницеуб,Сорокабана,79,77,22,10,10,26,26,21,21,20
118,Макаэ,Моги,69,90,18,16,17,24,11,26,23,24
119,Минас,Паулистано,85,96,21,34,22,24,17,25,25,13
120,Итабом/Бауру,Пиньейрос,74,64,20,12,9,12,20,17,25,23
121,Юницеуб,Паулистано,85,76,14,17,22,9,17,23,32,27
122,Макаэ,Кампо-Муран,78,91,14,28,13,15,18,28,33,20
123,Фламенго,Моги,96,87,18,19,21,20,30,29,27,19
124,Минас,Сорокабана,68,61,18,13,8,9,19,19,23,20
125,Кампо-Муран,Васко да Гама,77,82,24,21,14,20,24,25,15,16
126,Васко да Гама,Макаэ,77,76,20,17,19,16,17,21,21,22
127,Кампо-Муран,Кашиас-до-Сул,83,74,27,16,24,24,25,19,7,15
128,Моги,Васко да Гама,80,73,15,17,18,9,20,22,27,25
129,Юницеуб,Сеаренсе,88,52,25,8,26,16,24,15,13,13
130,Минас,Универсо/Витория,78,82,14,22,17,26,25,14,22,20
131,Франка,Паулистано,78,71,19,23,16,20,24,15,19,13
132,Итабом/Бауру,Сорокабана,87,55,18,13,23,14,25,17,21,11
133,Моги,Кашиас-до-Сул,73,64,14,25,16,7,22,19,21,13
134,Пиньейрос,Фламенго,77,84,13,14,18,13,17,23,20,18
135,Юницеуб,Универсо/Витория,70,78,17,19,15,20,22,15,16,24
136,Минас,Сеаренсе,62,66,7,14,17,17,17,16,21,19
137,Франка,Сорокабана,90,68,23,20,18,13,25,11,24,24
138,Итабом/Бауру,Паулистано,78,68,22,19,13,13,16,18,27,18
139,Пиньейрос,Макаэ,97,90,14,24,21,17,20,21,42,28
140,Кашиас-до-Сул,Минас,66,52,13,14,18,6,18,11,17,21
141,Васко да Гама,Фламенго,78,77,11,22,24,16,29,21,14,18
142,Универсо/Витория,Пиньейрос,67,72,12,24,21,10,16,18,18,20
143,Сорокабана,Кампо-Муран,64,74,15,20,12,11,20,17,17,26
144,Паулистано,Моги,77,78,20,19,10,14,22,15,11,15
145,Васко да Гама,Минас,75,87,20,17,13,21,25,19,17,30
146,Кашиас-до-Сул,Юницеуб,76,81,18,14,16,25,23,22,19,20
147,Макаэ,Итабом/Бауру,67,87,17,21,18,26,18,19,14,21
148,Сеаренсе,Пиньейрос,74,77,20,15,17,19,16,13,21,30
149,Сорокабана,Моги,60,90,4,9,16,28,16,26,24,27
150,Паулистано,Кампо-Муран,78,85,22,18,16,23,20,20,20,24
151,Фламенго,Итабом/Бауру,63,72,20,18,17,16,18,23,8,15
152,Макаэ,Франка,75,78,14,15,25,20,18,18,18,25
153,Моги,Универсо/Витория,75,72,32,18,21,14,9,18,13,22
154,Фламенго,Франка,80,83,14,19,18,17,25,11,13,23
155,Васко да Гама,Юницеуб,85,76,16,16,24,13,22,24,23,23
156,Моги,Макаэ,69,75,10,20,16,16,18,16,20,12
157,Моги,Фламенго,57,83,12,20,11,18,14,23,20,22
158,Макаэ,Васко да Гама,58,69,14,21,12,12,15,17,17,19
159,Юницеуб,Фламенго,95,83,25,21,21,16,30,26,19,20
160,Универсо/Витория,Паулистано,85,73,23,14,16,20,18,20,28,19
161,Сеаренсе,Сорокабана,86,85,21,17,17,15,13,20,23,22
162,Васко да Гама,Пиньейрос,72,70,21,9,13,23,20,21,18,17
163,Кампо-Муран,Итабом/Бауру,62,82,22,16,13,26,14,22,13,18
164,Моги,Франка,82,63,23,13,23,15,14,21,22,14
165,Юницеуб,Макаэ,74,72,18,11,15,17,17,24,24,20
166,Минас,Фламенго,60,89,12,28,15,19,13,19,20,23
167,Универсо/Витория,Сорокабана,74,69,11,13,24,15,16,13,23,28
168,Сеаренсе,Паулистано,74,76,18,18,18,16,17,24,21,18
169,Кашиас-до-Сул,Пиньейрос,93,99,19,30,16,18,34,25,24,26
170,Кампо-Муран,Франка,81,83,16,22,23,15,22,14,20,32
171,Моги,Итабом/Бауру,89,66,36,22,15,20,18,17,20,7
172,Минас,Макаэ,86,78,16,10,24,18,19,21,27,29
173,Сеаренсе,Универсо/Витория,77,82,22,16,19,16,17,26,19,24
174,Сорокабана,Паулистано,71,92,20,29,14,18,14,23,23,22
175,Юницеуб,Минас,92,79,21,21,26,18,24,18,21,22
176,Кашиас-до-Сул,Васко да Гама,78,73,18,12,13,20,26,22,21,19
177,Итабом/Бауру,Франка,89,69,25,19,24,16,24,16,16,18
178,Кампо-Муран,Моги,95,94,28,24,19,23,22,28,26,19
179,Паулистано,Васко да Гама,83,86,23,18,15,13,23,26,22,29
180,Фламенго,Кашиас-до-Сул,94,60,18,14,25,18,33,5,18,23
181,Фламенго,Универсо/Витория,98,87,25,20,25,19,25,23,23,25
182,Франка,Минас,75,74,19,18,22,13,18,27,16,16
183,Итабом/Бауру,Юницеуб,62,79,15,20,14,22,17,20,16,17
184,Сорокабана,Кашиас-до-Сул,83,70,28,20,22,14,12,24,21,12
185,Макаэ,Сеаренсе,64,53,19,12,12,13,11,18,22,10
186,Пиньейрос,Моги,74,67,25,11,23,13,8,23,18,20
187,Сорокабана,Васко да Гама,74,70,20,19,11,17,21,12,22,22
188,Франка,Юницеуб,77,70,18,11,18,15,22,29,19,15
189,Итабом/Бауру,Минас,75,86,15,21,13,23,25,16,22,26
190,Макаэ,Универсо/Витория,59,67,20,11,16,20,12,12,11,24
191,Паулистано,Кашиас-до-Сул,82,49,12,10,31,8,22,15,17,16
192,Фламенго,Сеаренсе,88,94,19,22,27,11,18,31,19,19
193,Пиньейрос,Кампо-Муран,76,78,28,17,13,20,13,23,22,18
194,Универсо/Витория,Франка,77,86,14,18,18,14,28,17,17,37
195,Сеаренсе,Итабом/Бауру,73,79,17,12,20,23,15,25,21,19
196,Кашиас-до-Сул,Макаэ,87,83,24,19,21,19,21,19,21,26
197,Универсо/Витория,Итабом/Бауру,84,90,23,17,16,27,18,31,27,15
198,Сеаренсе,Франка,95,81,20,23,23,27,28,18,24,13
199,Юницеуб,Кампо-Муран,76,78,21,25,24,19,19,14,12,20
200,Минас,Моги,84,104,22,24,16,31,24,22,22,27
201,Кашиас-до-Сул,Фламенго,80,104,21,23,17,20,22,34,20,27
202,Пиньейрос,Паулистано,77,92,15,25,17,18,14,18,31,31
203,Юницеуб,Моги,86,75,27,17,13,11,21,31,25,16
204,Минас,Кампо-Муран,72,66,20,22,16,13,18,13,18,18
205,Пиньейрос,Сорокабана,80,63,17,16,19,20,21,11,23,16
206,Моги,Сеаренсе,92,75,16,16,33,8,19,29,24,22
207,Фламенго,Макаэ,85,66,22,13,14,20,27,23,22,10
208,Кампо-Муран,Паулистано,74,92,22,26,17,17,20,29,15,20
209,Моги,Сорокабана,81,77,17,19,22,21,22,20,20,17
210,Макаэ,Сорокабана,68,66,12,14,17,17,20,14,19,21
211,Фламенго,Паулистано,81,72,20,13,16,13,25,24,20,22
212,Кампо-Муран,Сеаренсе,73,89,13,20,19,25,22,23,19,21
213,Минас,Пиньейрос,88,94,19,31,24,21,22,17,23,25
214,Франка,Васко да Гама,67,71,20,15,15,17,12,18,20,21
215,Итабом/Бауру,Кашиас-до-Сул,82,64,25,14,16,15,22,19,19,16
216,Фламенго,Сорокабана,81,74,19,19,21,14,20,19,21,22
217,Макаэ,Паулистано,84,96,21,29,19,22,18,23,26,22
218,Кампо-Муран,Универсо/Витория,70,64,13,21,22,10,13,19,22,14
219,Юницеуб,Пиньейрос,96,80,22,21,31,15,20,15,23,29
220,Франка,Кашиас-до-Сул,85,66,26,11,25,14,19,20,15,21
221,Итабом/Бауру,Васко да Гама,82,58,24,12,15,20,20,16,23,10
222,Паулистано,Минас,98,86,25,27,25,20,19,20,29,19
223,Кампо-Муран,Макаэ,71,68,17,14,8,19,26,14,20,21
224,Сорокабана,Юницеуб,66,73,22,18,13,11,20,16,11,28
225,Пиньейрос,Франка,95,83,22,19,22,18,23,22,28,24
226,Кампо-Муран,Фламенго,69,90,16,25,19,10,20,33,14,22
227,Кашиас-до-Сул,Сеаренсе,65,74,11,16,16,17,18,21,20,20
228,Сорокабана,Минас,63,69,19,15,16,20,16,16,12,18
229,Васко да Гама,Универсо/Витория,60,70,18,17,13,19,16,19,13,15
230,Паулистано,Юницеуб,74,90,24,20,13,20,16,29,21,21
231,Пиньейрос,Итабом/Бауру,84,69,21,23,14,13,23,14,26,19
232,Кашиас-до-Сул,Универсо/Витория,69,70,14,16,10,14,25,20,20,20
233,Васко да Гама,Сеаренсе,71,69,20,20,18,13,18,20,15,16
234,Кашиас-до-Сул,Кампо-Муран,69,78,20,16,17,18,20,17,12,27
235,Васко да Гама,Моги,94,70,17,17,26,17,26,8,25,28
236,Сорокабана,Итабом/Бауру,70,84,18,19,14,17,20,24,18,24
237,Паулистано,Франка,73,76,17,20,19,20,15,19,22,17
238,Универсо/Витория,Минас,76,74,11,19,17,18,24,14,24,23
239,Фламенго,Пиньейрос,96,88,28,24,21,10,16,24,31,30
240,Сеаренсе,Юницеуб,72,81,23,19,14,22,16,24,19,16
241,Кашиас-до-Сул,Моги,80,87,14,24,18,20,22,24,26,19
242,Васко да Гама,Кампо-Муран,81,91,20,17,13,21,23,29,25,24
243,Сорокабана,Франка,87,66,23,12,17,16,13,15,34,23
244,Паулистано,Итабом/Бауру,90,66,23,23,22,12,24,15,21,16
245,Сеаренсе,Минас,78,71,19,14,30,20,13,14,16,23
246,Макаэ,Пиньейрос,90,92,8,19,26,17,22,25,20,15
247,Универсо/Витория,Юницеуб,88,77,22,9,20,23,18,23,28,22
248,Моги,Паулистано,86,55,16,12,23,8,29,10,18,25
249,Кампо-Муран,Сорокабана,73,78,18,16,9,23,23,26,23,13
250,Юницеуб,Васко да Гама,95,72,27,16,19,15,23,12,26,29
251,Франка,Макаэ,86,79,29,19,19,18,14,23,24,19
252,Юницеуб,Кашиас-до-Сул,91,82,20,15,20,16,24,25,27,26
253,Минас,Васко да Гама,83,85,24,22,14,22,19,25,20,8
254,Пиньейрос,Сеаренсе,80,74,21,18,17,17,22,22,20,17
255,Итабом/Бауру,Макаэ,84,76,20,22,23,14,12,13,29,27
256,Франка,Фламенго,84,85,15,21,15,18,23,24,31,22
257,Минас,Кашиас-до-Сул,83,63,21,14,16,21,20,15,26,13
258,Пиньейрос,Универсо/Витория,75,79,19,15,13,27,17,20,26,17
259,Итабом/Бауру,Фламенго,97,100,17,12,16,19,25,30,18,15
0,Моги,Паулистано,76,82,23,23,24,31,11,13,18,15
1,Паулистано,Моги,88,84,21,12,25,25,21,18,21,29
2,Паулистано,Моги,70,84,10,21,17,17,28,34,15,12
3,Моги,Паулистано,82,99,14,30,19,22,32,24,17,23
4,Паулистано,Итабом/Бауру,80,77,14,10,24,13,21,23,21,31
5,Моги,Фламенго,89,72,17,15,19,22,26,14,27,21
6,Итабом/Бауру,Паулистано,82,75,18,16,18,16,21,24,25,19
7,Паулистано,Итабом/Бауру,95,64,30,8,19,20,26,23,20,13
8,Фламенго,Моги,71,64,18,17,20,18,19,15,14,14
9,Паулистано,Итабом/Бауру,59,70,14,18,19,16,17,20,9,16
10,Фламенго,Моги,74,88,17,21,16,24,14,19,27,24
11,Итабом/Бауру,Паулистано,72,78,22,22,14,21,15,16,21,19
12,Моги,Фламенго,79,62,20,15,20,21,20,13,19,13
13,Сеаренсе,Паулистано,57,98,9,18,8,29,24,24,16,27
14,Кашиас-до-Сул,Моги,70,80,23,16,16,20,10,20,21,24
15,Паулистано,Сеаренсе,79,68,17,27,20,6,22,21,20,14
16,Франка,Итабом/Бауру,61,69,12,12,16,13,9,24,24,20
17,Моги,Кашиас-до-Сул,54,65,12,19,15,18,14,17,13,11
18,Паулистано,Сеаренсе,93,89,18,19,22,21,36,22,17,27
19,Франка,Итабом/Бауру,77,83,15,22,16,25,19,19,27,17
20,Фламенго,Минас,97,92,15,28,18,17,25,22,25,16
21,Моги,Кашиас-до-Сул,69,57,17,13,14,14,21,13,17,17
22,Фламенго,Минас,101,74,23,20,30,15,30,17,18,22
23,Сеаренсе,Паулистано,72,67,20,15,15,15,18,15,19,22
24,Итабом/Бауру,Франка,81,76,20,15,22,19,22,18,17,24
25,Минас,Фламенго,70,84,19,25,15,20,17,27,19,12
26,Кашиас-до-Сул,Моги,60,63,11,18,17,14,22,13,10,18
27,Универсо/Витория,Минас,111,117,20,17,13,17,20,25,25,19
28,Сеаренсе,Пиньейрос,64,63,13,21,17,16,15,9,19,17
29,Васко да Гама,Итабом/Бауру,103,104,22,15,26,23,22,27,21,26
30,Минас,Универсо/Витория,75,64,11,12,16,21,22,14,26,17
31,Пиньейрос,Сеаренсе,62,75,14,18,17,17,16,22,15,18
32,Итабом/Бауру,Васко да Гама,83,79,20,21,18,23,19,9,26,26
33,Универсо/Витория,Минас,74,65,23,13,17,14,17,19,17,19
34,Пиньейрос,Сеаренсе,60,64,14,15,13,11,19,17,14,21
35,Итабом/Бауру,Васко да Гама,89,92,16,20,26,22,24,26,23,24
36,Кашиас-до-Сул,Ботафого,80,64,15,21,28,11,17,18,20,14
37,Универсо/Витория,Минас,71,63,17,10,15,20,21,18,18,15
38,Кашиас-до-Сул,Ботафого,79,52,21,8,20,11,15,17,23,16
39,Сеаренсе,Пиньейрос,73,82,23,21,15,13,24,28,11,20
40,Васко да Гама,Итабом/Бауру,84,93,24,21,17,22,17,25,26,25
41,Минас,Универсо/Витория,80,65,23,15,18,27,20,14,19,9
42,Ботафого,Кашиас-до-Сул,90,95,24,21,10,18,21,16,20,20
43,Сорокабана,Моги,69,74,17,19,22,15,20,23,10,17
44,Моги,Пиньейрос,69,84,17,19,18,17,19,22,15,26
45,Жоинвиль,Кампо-Муран,83,81,19,18,20,20,18,21,19,17
46,Итабом/Бауру,Васко да Гама,83,88,25,14,15,26,18,23,25,25
47,Кашиас-до-Сул,Паулистано,81,80,21,18,22,22,15,21,23,19
48,Минас,Сеаренсе,75,63,17,21,13,14,32,14,13,14
49,Пиньейрос,Сорокабана,80,69,17,21,21,13,21,17,21,18
50,Фламенго,Универсо/Витория,89,75,23,12,24,14,13,23,29,26
51,Франка,Ботафого,104,67,21,17,30,12,23,14,30,24
52,Жоинвиль,Паулистано,66,86,19,21,12,18,21,23,14,24
53,Итабом/Бауру,Ботафого,103,78,27,20,21,21,32,21,23,16
54,Кашиас-до-Сул,Кампо-Муран,75,66,18,15,18,12,20,16,19,23
55,Минас,Универсо/Витория,80,78,16,17,10,17,20,16,21,17
56,Фламенго,Сеаренсе,87,85,19,21,27,20,17,22,24,22
57,Франка,Васко да Гама,93,61,24,8,20,18,17,6,32,29
58,Сеаренсе,Итабом/Бауру,81,80,15,23,25,15,16,23,25,19
59,Итабом/Бауру,Моги,75,76,15,20,16,25,24,13,20,18
60,Сорокабана,Минас,54,75,14,17,16,16,10,30,14,12
61,Универсо/Витория,Франка,85,92,21,23,17,24,10,24,37,21
62,Моги,Минас,76,39,16,14,15,8,21,11,24,6
63,Ботафого,Фламенго,84,90,18,20,28,23,17,27,21,20
64,Сеаренсе,Франка,75,73,11,17,19,22,20,14,25,20
65,Пиньейрос,Минас,62,64,12,17,20,19,20,18,10,10
66,Моги,Фламенго,72,75,15,15,17,17,22,23,18,20
67,Кампо-Муран,Паулистано,66,111,21,25,13,33,17,28,15,25
68,Франка,Моги,75,73,17,23,17,19,19,15,22,16
69,Ботафого,Кашиас-до-Сул,76,67,22,12,23,6,22,20,9,29
70,Васко да Гама,Жоинвиль,83,56,23,16,11,21,31,11,18,8
71,Пиньейрос,Фламенго,67,78,23,13,4,18,20,23,20,24
72,Ботафого,Жоинвиль,88,77,23,26,22,16,19,23,24,12
73,Васко да Гама,Кашиас-до-Сул,70,87,17,18,18,24,17,20,18,25
74,Сорокабана,Фламенго,63,70,12,18,29,18,10,19,12,15
75,Универсо/Витория,Итабом/Бауру,82,77,15,14,22,20,11,24,34,19
76,Франка,Пиньейрос,87,79,23,22,22,18,24,15,18,24
77,Фламенго,Минас,96,84,26,17,23,19,21,32,26,16
78,Паулистано,Васко да Гама,102,59,26,16,31,15,21,15,24,13
79,Франка,Сорокабана,74,67,14,16,16,12,24,18,20,21
80,Кашиас-до-Сул,Универсо/Витория,79,78,20,24,20,14,18,20,21,20
81,Жоинвиль,Сеаренсе,73,59,19,14,20,12,17,14,17,19
82,Итабом/Бауру,Пиньейрос,85,84,20,21,23,23,21,22,13,11
83,Кампо-Муран,Васко да Гама,79,89,22,22,16,26,16,15,25,26
84,Паулистано,Ботафого,112,64,20,13,37,11,24,25,31,15
85,Жоинвиль,Универсо/Витория,52,68,16,18,14,16,8,16,14,18
86,Итабом/Бауру,Сорокабана,95,73,19,12,19,17,30,22,27,22
87,Кампо-Муран,Ботафого,71,60,15,14,20,12,16,22,20,12
88,Кашиас-до-Сул,Сеаренсе,67,60,20,8,11,13,16,24,20,15
89,Универсо/Витория,Моги,77,72,19,22,24,13,14,20,20,17
90,Сеаренсе,Моги,82,80,17,18,22,28,19,14,24,20
91,Кампо-Муран,Сорокабана,72,76,14,19,16,20,19,24,23,13
92,Ботафого,Минас,70,76,15,17,20,24,16,21,19,14
93,Сорокабана,Кашиас-до-Сул,71,74,19,19,16,17,20,19,16,19
94,Моги,Жоинвиль,77,67,20,18,21,18,20,16,16,15
95,Минас,Франка,65,84,15,19,17,18,17,25,16,22
96,Универсо/Витория,Паулистано,68,90,18,25,21,20,17,27,12,18
97,Сеаренсе,Кампо-Муран,77,69,20,12,15,25,13,15,16,12
98,Фламенго,Итабом/Бауру,75,61,16,12,14,20,23,17,22,12
99,Ботафого,Васко да Гама,87,94,21,30,22,22,17,17,27,25
100,Моги,Кашиас-до-Сул,76,75,25,14,14,19,23,13,14,29
101,Пиньейрос,Жоинвиль,108,59,30,18,30,16,21,20,27,5
102,Фламенго,Франка,86,66,18,6,25,14,21,18,22,28
103,Сеаренсе,Паулистано,60,81,11,26,13,19,12,23,24,13
104,Универсо/Витория,Кампо-Муран,88,79,25,22,12,25,27,20,24,12
105,Минас,Итабом/Бауру,66,81,15,29,14,8,18,20,19,24
106,Сорокабана,Жоинвиль,51,64,11,10,8,15,6,12,26,27
107,Пиньейрос,Кашиас-до-Сул,90,75,25,15,21,19,25,17,19,24
108,Паулистано,Пиньейрос,73,72,17,16,22,15,20,22,14,19
109,Паулистано,Моги,84,67,21,17,26,13,24,21,13,16
110,Кашиас-до-Сул,Фламенго,75,98,11,23,17,32,19,18,28,25
111,Ботафого,Универсо/Витория,94,74,18,23,29,8,20,24,27,19
112,Васко да Гама,Сеаренсе,96,92,18,21,25,29,24,17,29,25
113,Жоинвиль,Минас,66,73,9,22,11,13,21,14,21,13
114,Кампо-Муран,Пиньейрос,60,64,22,15,14,12,14,21,10,16
115,Паулистано,Сорокабана,84,59,21,16,22,9,23,19,18,15
116,Кашиас-до-Сул,Минас,71,91,11,30,20,18,23,20,17,23
117,Ботафого,Сеаренсе,70,68,16,14,16,21,18,19,20,14
118,Васко да Гама,Универсо/Витория,85,89,30,19,14,16,23,24,18,30
119,Жоинвиль,Фламенго,81,91,15,22,20,20,24,23,22,26
120,Итабом/Бауру,Франка,60,81,15,15,14,25,17,21,14,20
121,Кампо-Муран,Моги,69,97,17,29,19,28,18,16,15,24
122,Сорокабана,Ботафого,68,75,21,19,12,23,21,20,14,13
123,Пиньейрос,Васко да Гама,72,76,17,24,11,20,19,11,25,21
124,Фламенго,Паулистано,71,72,15,12,16,22,15,27,25,11
125,Франка,Жоинвиль,72,56,12,5,17,19,18,14,25,18
126,Итабом/Бауру,Кашиас-до-Сул,73,85,24,22,16,21,16,17,17,25
127,Фламенго,Кампо-Муран,92,69,22,12,26,16,23,20,21,21
128,Моги,Васко да Гама,89,80,19,19,32,16,24,20,14,25
129,Пиньейрос,Ботафого,80,77,22,16,21,17,22,19,15,25
130,Минас,Паулистано,80,88,23,18,16,22,24,22,17,26
131,Сеаренсе,Универсо/Витория,78,77,22,18,23,13,14,25,19,21
132,Итабом/Бауру,Жоинвиль,88,41,20,10,29,11,21,9,18,11
133,Сорокабана,Васко да Гама,75,80,15,20,15,8,18,20,16,16
134,Франка,Кашиас-до-Сул,82,74,26,22,25,21,11,10,20,21
135,Минас,Кампо-Муран,74,81,26,20,14,15,10,16,24,30
136,Васко да Гама,Фламенго,75,89,16,26,23,25,18,18,18,20
137,Жоинвиль,Кашиас-до-Сул,70,76,22,23,14,21,19,15,15,17
138,Универсо/Витория,Сорокабана,95,69,24,16,25,16,22,10,24,27
139,Сеаренсе,Сорокабана,83,64,22,19,22,13,17,20,22,12
140,Васко да Гама,Минас,70,54,21,8,13,16,15,16,21,14
141,Кампо-Муран,Итабом/Бауру,59,97,23,18,11,19,13,33,12,27
142,Моги,Ботафого,84,70,29,10,17,25,22,16,16,19
143,Паулистано,Франка,88,74,22,17,23,19,22,17,21,21
144,Кампо-Муран,Франка,60,88,14,32,12,17,13,20,21,19
145,Паулистано,Итабом/Бауру,88,79,23,16,18,26,27,18,20,19
146,Сеаренсе,Пиньейрос,66,64,20,10,15,8,19,18,12,28
147,Фламенго,Ботафого,107,54,27,10,34,15,25,13,21,16
148,Универсо/Витория,Пиньейрос,79,76,18,21,18,22,23,16,20,17
149,Васко да Гама,Итабом/Бауру,86,87,19,22,26,16,19,25,22,24
150,Моги,Сорокабана,82,73,21,18,24,11,20,26,17,18
151,Сеаренсе,Минас,66,58,14,11,19,16,16,18,17,13
152,Кампо-Муран,Жоинвиль,72,75,18,27,21,15,14,13,19,20
153,Паулистано,Кашиас-до-Сул,88,70,18,18,21,18,29,10,20,24
154,Универсо/Витория,Фламенго,68,76,17,24,25,16,15,20,11,16
155,Ботафого,Франка,63,67,15,13,13,15,20,19,15,20
156,Универсо/Витория,Минас,82,57,15,11,22,9,22,24,23,13
157,Сеаренсе,Фламенго,75,92,25,24,7,17,23,25,20,26
158,Паулистано,Жоинвиль,75,64,25,15,13,16,23,15,14,18
159,Васко да Гама,Франка,67,81,14,19,14,27,24,16,15,19
160,Кашиас-до-Сул,Ботафого,73,63,15,17,20,15,24,16,14,15
161,Фламенго,Сорокабана,82,67,19,16,14,16,25,21,24,14
162,Кашиас-до-Сул,Васко да Гама,81,69,19,25,15,17,18,14,29,13
163,Жоинвиль,Ботафого,68,63,24,22,14,13,8,14,22,14
164,Итабом/Бауру,Сеаренсе,87,82,23,23,25,15,19,13,20,31
165,Минас,Пиньейрос,80,75,23,13,17,20,19,11,21,31
166,Фламенго,Моги,77,71,17,25,20,11,24,16,16,19
167,Франка,Сеаренсе,79,59,12,18,26,15,25,14,16,12
168,Жоинвиль,Васко да Гама,74,94,29,14,18,36,13,22,14,22
169,Итабом/Бауру,Универсо/Витория,77,66,21,13,21,15,22,25,13,13
170,Паулистано,Кампо-Муран,92,67,30,11,17,14,18,15,27,27
171,Фламенго,Пиньейрос,72,68,22,14,20,16,8,23,22,15
172,Минас,Моги,65,82,23,25,14,20,17,12,11,25
173,Франка,Универсо/Витория,68,55,18,23,16,8,18,18,16,6
174,Минас,Сорокабана,71,61,19,9,12,22,22,16,18,14
175,Ботафого,Итабом/Бауру,60,77,18,16,19,19,8,26,15,16
176,Моги,Паулистано,80,84,10,18,24,28,23,27,23,11
177,Фламенго,Васко да Гама,89,81,15,26,25,16,23,20,26,19
178,Пиньейрос,Франка,77,90,21,24,21,12,9,35,26,19
179,Кашиас-до-Сул,Жоинвиль,72,63,16,11,15,14,16,18,25,20
180,Универсо/Витория,Сеаренсе,89,68,22,10,26,23,18,19,23,16
181,Итабом/Бауру,Минас,89,70,25,20,16,10,17,22,31,18
182,Франка,Фламенго,100,82,36,13,17,19,22,19,25,31
183,Ботафого,Кампо-Муран,67,64,15,21,16,9,20,16,16,18
184,Васко да Гама,Паулистано,71,77,11,32,22,8,23,12,15,25
185,Сеаренсе,Жоинвиль,80,66,15,19,26,13,17,20,22,14
186,Универсо/Витория,Кашиас-до-Сул,70,69,14,11,13,19,17,23,26,16
187,Сорокабана,Пиньейрос,75,77,16,20,17,18,24,24,18,15
188,Франка,Минас,75,55,22,14,16,15,16,12,21,14
189,Ботафого,Паулистано,74,93,27,21,14,25,11,26,22,21
190,Васко да Гама,Кампо-Муран,84,59,16,14,23,21,20,13,25,11
191,Итабом/Бауру,Фламенго,71,97,19,14,20,30,18,29,14,24
192,Сеаренсе,Кашиас-до-Сул,67,76,15,17,15,10,14,28,23,21
193,Универсо/Витория,Жоинвиль,88,68,18,17,25,11,25,27,20,13
194,Пиньейрос,Моги,66,73,15,23,15,15,16,13,20,22
195,Васко да Гама,Ботафого,72,68,21,15,17,20,12,22,22,11
196,Сорокабана,Паулистано,75,78,17,21,22,16,14,22,22,19
197,Пиньейрос,Универсо/Витория,80,77,19,16,21,20,27,22,13,19
198,Моги,Итабом/Бауру,72,69,19,13,14,16,18,16,21,24
199,Минас,Фламенго,76,83,16,14,16,27,17,22,27,20
200,Пиньейрос,Итабом/Бауру,77,93,29,20,14,25,16,27,18,21
201,Сорокабана,Франка,79,87,19,22,19,17,21,21,20,27
202,Кампо-Муран,Универсо/Витория,65,72,16,18,12,23,17,17,20,14
203,Моги,Франка,72,71,18,18,22,20,8,16,24,17
204,Сорокабана,Итабом/Бауру,81,89,23,13,21,27,22,28,15,21
205,Паулистано,Универсо/Витория,84,66,17,12,20,17,18,20,29,17
206,Кампо-Муран,Сеаренсе,60,66,16,18,11,16,17,14,16,18
207,Жоинвиль,Пиньейрос,82,90,26,14,22,26,14,23,20,27
208,Кашиас-до-Сул,Пиньейрос,71,86,15,14,8,17,20,27,28,28
209,Жоинвиль,Моги,61,67,20,19,8,23,14,13,19,12
210,Паулистано,Сеаренсе,96,84,32,13,23,24,17,23,24,24
211,Универсо/Витория,Васко да Гама,77,75,17,21,21,15,28,16,11,23
212,Кашиас-до-Сул,Моги,66,65,18,18,7,19,16,15,25,13
213,Жоинвиль,Сорокабана,77,75,19,16,12,18,26,22,20,19
214,Пиньейрос,Паулистано,81,65,22,16,13,19,21,12,25,18
215,Сеаренсе,Васко да Гама,85,76,23,21,17,19,16,22,29,14
216,Пиньейрос,Кампо-Муран,80,51,24,11,26,15,12,7,18,18
217,Кашиас-до-Сул,Сорокабана,82,66,20,17,21,14,24,14,17,21
218,Минас,Жоинвиль,69,52,24,12,18,12,10,15,17,13
219,Фламенго,Жоинвиль,86,75,24,27,18,12,26,13,18,23
220,Моги,Кампо-Муран,72,69,17,15,22,15,13,18,20,21
221,Франка,Итабом/Бауру,87,83,9,23,18,11,26,22,34,27
222,Сеаренсе,Ботафого,61,47,16,7,12,12,19,14,14,14
223,Сорокабана,Кампо-Муран,63,68,19,24,17,11,10,16,17,17
224,Фламенго,Кашиас-до-Сул,79,69,22,19,17,11,20,17,20,22
225,Универсо/Витория,Ботафого,86,76,19,14,18,21,26,18,23,23
226,Минас,Кашиас-до-Сул,86,84,22,20,22,13,17,22,16,22
227,Минас,Ботафого,74,56,22,10,14,22,17,16,21,8
228,Кампо-Муран,Кашиас-до-Сул,63,84,15,23,19,25,15,17,14,19
229,Ботафого,Моги,65,70,16,22,14,16,16,20,19,12
230,Пиньейрос,Сеаренсе,92,79,30,24,14,22,25,19,23,14
231,Васко да Гама,Моги,75,82,22,13,15,31,14,14,24,24
232,Ботафого,Сорокабана,70,64,20,14,17,17,12,20,21,13
233,Кашиас-до-Сул,Франка,80,86,17,19,24,14,23,23,7,15
234,Жоинвиль,Итабом/Бауру,71,97,19,26,20,22,19,25,13,24
235,Кампо-Муран,Фламенго,82,89,18,24,21,18,20,24,23,23
236,Ботафого,Пиньейрос,73,81,16,20,12,23,14,20,31,18
237,Васко да Гама,Сорокабана,76,68,23,6,14,19,15,21,24,22
238,Паулистано,Минас,93,86,20,19,22,9,16,24,19,25
239,Кашиас-до-Сул,Итабом/Бауру,70,69,23,17,14,19,19,17,14,16
240,Жоинвиль,Франка,66,59,9,17,7,19,29,13,21,10
241,Кампо-Муран,Минас,69,77,14,13,19,14,23,20,13,30
242,Васко да Гама,Пиньейрос,71,82,11,22,26,17,17,21,17,22
243,Паулистано,Фламенго,72,67,21,15,9,14,26,13,16,25
244,Моги,Универсо/Витория,80,75,24,15,26,23,18,16,12,21
245,Франка,Паулистано,97,73,25,17,30,16,21,16,21,24
246,Моги,Сеаренсе,80,62,19,10,18,18,18,17,25,17
247,Сорокабана,Универсо/Витория,80,75,24,18,21,22,8,18,27,17
248,Итабом/Бауру,Кампо-Муран,82,80,19,14,18,22,28,19,17,25
249,Сорокабана,Сеаренсе,91,76,18,12,14,18,25,21,34,25
250,Минас,Васко да Гама,82,81,20,11,15,20,27,24,20,26
251,Франка,Кампо-Муран,73,77,24,17,14,13,17,20,18,27
252,Итабом/Бауру,Паулистано,72,71,17,17,16,19,19,20,20,15
0,Франка,Фламенго,72,81,10,24,19,21,15,11,28,25
1,Фламенго,Франка,76,62,19,16,14,11,23,17,20,18
2,Франка,Фламенго,77,71,15,32,24,10,18,12,20,17
3,Франка,Фламенго,88,79,29,21,22,15,16,20,21,23
4,Фламенго,Франка,82,68,20,15,28,17,18,19,16,17
5,Ботафого,Фламенго,75,90,24,26,16,19,20,18,15,27
6,Фламенго,Ботафого,77,81,14,19,25,21,21,16,17,25
7,Франка,Моги,108,100,30,24,30,24,24,25,24,27
8,Фламенго,Ботафого,81,69,23,16,15,24,23,14,20,15
9,Франка,Моги,89,78,25,24,23,19,27,14,14,21
10,Моги,Франка,77,85,20,26,19,22,14,23,24,14
11,Ботафого,Фламенго,77,79,17,17,12,20,25,23,23,19
12,Пиньейрос,Ботафого,78,82,22,20,16,14,23,19,17,29
13,Ботафого,Пиньейрос,88,73,14,14,17,18,33,17,24,24
14,Франка,Итабом/Бауру,90,68,22,23,20,13,23,21,25,11
15,Франка,Итабом/Бауру,83,77,25,18,25,20,15,19,18,20
16,Моги,Сеаренсе,73,71,16,23,23,16,20,16,14,16
17,Пиньейрос,Ботафого,89,64,27,18,24,15,20,20,18,11
18,Фламенго,Коринтианс,91,65,19,17,29,11,21,21,22,16
19,Моги,Сеаренсе,96,71,23,17,19,10,27,25,27,19
20,Пиньейрос,Ботафого,67,58,21,14,15,19,14,11,17,14
21,Фламенго,Коринтианс,79,60,16,16,16,10,28,18,19,16
22,Итабом/Бауру,Франка,82,94,24,25,20,22,21,26,17,21
23,Сеаренсе,Моги,69,77,18,15,10,20,20,16,21,26
24,Коринтианс,Фламенго,73,92,22,20,18,22,19,23,14,27
25,Ботафого,Пиньейрос,91,76,23,11,17,16,27,27,24,22
26,Итабом/Бауру,Минас,85,64,24,13,26,21,14,13,21,17
27,Паулистано,Сеаренсе,74,84,13,16,21,13,19,17,21,38
28,Коринтианс,Юницеуб,83,74,18,15,15,12,16,19,11,14
29,Итабом/Бауру,Минас,66,59,16,16,19,17,12,8,19,18
30,Ботафого,Сан Жозе/Юнимед/Винак,66,61,20,13,19,20,12,14,15,14
31,Сеаренсе,Паулистано,75,68,18,20,24,19,14,17,19,12
32,Коринтианс,Юницеуб,92,86,25,19,17,17,18,22,32,28
33,Минас,Итабом/Бауру,78,71,18,19,17,26,20,11,23,15
34,Сан Жозе/Юнимед/Винак,Ботафого,81,87,25,21,12,21,24,19,20,26
35,Юницеуб,Коринтианс,87,78,22,14,22,20,16,23,27,21
36,Итабом/Бауру,Моги,81,96,23,24,25,25,20,23,13,24
37,Коринтианс,Ботафого,84,77,20,18,24,26,22,17,18,16
38,Минас,Юницеуб,68,74,18,24,15,14,20,15,15,21
39,Пиньейрос,Васко да Гама,112,80,27,18,19,25,30,21,36,16
40,Сан Жозе/Юнимед/Винак,Паулистано,65,73,18,17,10,16,16,16,21,24
41,Фламенго,Сеаренсе,100,82,27,24,29,21,21,15,23,22
42,Франка,Жоинвиль,84,72,18,19,19,10,24,17,23,26
43,Фламенго,Юницеуб,97,54,27,11,18,12,25,13,27,18
44,Итабом/Бауру,Жоинвиль,84,76,16,16,29,17,20,24,19,19
45,Коринтианс,Васко да Гама,85,72,23,23,24,22,18,12,20,15
46,Минас,Сеаренсе,95,85,33,23,12,21,23,21,27,20
47,Паулистано,Ботафого,100,104,17,28,27,21,18,23,38,32
48,Франка,Моги,82,65,26,14,17,11,24,18,15,22
49,Паулистано,Итабом/Бауру,74,76,16,22,20,17,23,17,15,20
50,Сан Жозе/Юнимед/Винак,Коринтианс,61,72,13,11,12,15,25,19,11,27
51,Паулистано,Франка,86,93,21,27,28,16,18,23,19,27
52,Юницеуб,Пиньейрос,81,77,9,16,22,23,17,20,33,18
53,Васко да Гама,Фламенго,67,107,17,23,15,26,17,30,18,28
54,Сан Жозе/Юнимед/Винак,Франка,80,98,21,26,17,22,18,30,24,20
55,Моги,Ботафого,89,72,19,19,10,21,27,15,33,17
56,Жоинвиль,Паулистано,87,97,21,22,22,18,22,20,16,21
57,Сан Жозе/Юнимед/Винак,Итабом/Бауру,74,83,11,18,14,22,19,20,30,23
58,Сеаренсе,Пиньейрос,79,81,16,16,17,12,17,25,29,28
59,Фламенго,Итабом/Бауру,80,72,19,18,22,18,18,22,21,14
60,Жоинвиль,Сан Жозе/Юнимед/Винак,87,84,29,24,12,18,15,22,31,20
61,Фламенго,Минас,82,60,14,21,24,16,22,17,22,6
62,Ботафого,Юницеуб,79,65,19,15,16,14,26,15,18,21
63,Пиньейрос,Моги,78,71,16,12,22,21,22,17,18,21
64,Итабом/Бауру,Коринтианс,92,81,26,23,22,24,28,18,16,16
65,Васко да Гама,Юницеуб,78,94,26,28,10,22,21,21,21,23
66,Ботафого,Минас,79,62,17,17,19,13,23,16,20,16
67,Франка,Коринтианс,83,60,18,15,18,19,21,15,26,11
68,Франка,Пиньейрос,93,78,31,28,20,15,24,18,18,17
69,Ботафого,Фламенго,67,73,18,13,13,20,16,28,20,12
70,Коринтианс,Моги,90,79,20,16,23,16,24,24,23,23
71,Итабом/Бауру,Пиньейрос,68,75,22,20,9,9,18,22,19,24
72,Юницеуб,Жоинвиль,98,90,23,29,22,11,30,27,23,23
73,Паулистано,Васко да Гама,109,65,22,8,23,23,26,25,38,9
74,Сан Жозе/Юнимед/Винак,Васко да Гама,82,68,22,20,25,15,14,17,21,16
75,Сеаренсе,Жоинвиль,88,77,18,26,26,21,22,7,22,23
76,Ботафого,Васко да Гама,79,74,9,18,26,27,19,10,25,19
77,Жоинвиль,Ботафого,54,59,15,14,13,19,13,11,13,15
78,Минас,Франка,86,103,9,29,31,22,23,35,23,17
79,Моги,Паулистано,89,91,23,24,17,24,30,26,19,17
80,Юницеуб,Сан Жозе/Юнимед/Винак,81,73,28,16,19,19,16,25,18,13
81,Коринтианс,Жоинвиль,92,83,18,18,33,22,20,22,21,21
82,Минас,Итабом/Бауру,93,89,26,23,26,17,18,22,23,27
83,Сеаренсе,Сан Жозе/Юнимед/Винак,76,86,18,28,13,25,19,9,26,24
84,Моги,Васко да Гама,90,88,27,22,21,17,17,27,25,22
85,Пиньейрос,Жоинвиль,92,70,18,12,23,25,29,12,22,21
86,Франка,Юницеуб,83,69,24,13,20,13,18,24,21,19
87,Фламенго,Франка,79,74,14,25,26,20,16,16,23,13
88,Юницеуб,Сеаренсе,80,87,21,32,24,4,20,20,15,31
89,Васко да Гама,Минас,81,92,11,25,26,21,25,28,19,18
90,Сан Жозе/Юнимед/Винак,Пиньейрос,67,83,14,22,13,18,13,17,27,26
91,Франка,Итабом/Бауру,88,71,22,18,21,13,26,18,19,22
92,Фламенго,Паулистано,95,87,23,29,19,15,22,21,31,22
93,Юницеуб,Коринтианс,84,82,24,22,27,22,22,14,11,24
94,Минас,Паулистано,88,85,22,15,18,26,25,26,23,18
95,Сеаренсе,Коринтианс,77,90,16,22,21,24,21,23,19,21
96,Сан Жозе/Юнимед/Винак,Ботафого,79,72,28,18,13,16,17,27,21,11
97,Пиньейрос,Ботафого,69,67,25,14,12,14,16,14,16,25
98,Моги,Фламенго,74,81,16,24,19,12,17,21,22,24
99,Жоинвиль,Фламенго,50,89,18,19,11,19,9,22,12,29
100,Васко да Гама,Сеаренсе,77,79,18,15,23,23,15,18,21,23
101,Паулистано,Пиньейрос,85,91,22,16,17,18,19,35,27,22
102,Ботафого,Сеаренсе,78,69,21,13,19,18,15,21,23,17
103,Итабом/Бауру,Юницеуб,75,76,28,23,15,13,16,22,16,18
104,Моги,Минас,65,64,18,16,19,14,16,17,12,17
105,Жоинвиль,Минас,80,89,26,21,10,26,17,20,27,22
106,Ботафого,Франка,69,71,22,23,12,17,19,22,16,9
107,Фламенго,Сан Жозе/Юнимед/Винак,96,83,32,23,26,19,15,25,23,16
108,Сеаренсе,Моги,60,73,25,23,14,19,7,17,14,14
109,Васко да Гама,Франка,78,84,15,27,13,28,25,15,25,14
110,Коринтианс,Пиньейрос,77,80,20,17,16,22,20,19,21,22
111,Минас,Сан Жозе/Юнимед/Винак,75,80,24,17,13,25,21,17,17,21
112,Юницеуб,Моги,76,80,18,28,22,15,23,12,13,25
113,Итабом/Бауру,Сеаренсе,82,71,16,15,29,17,10,24,27,15
114,Жоинвиль,Васко да Гама,81,92,10,23,22,25,20,22,29,22
115,Пиньейрос,Фламенго,81,73,19,13,19,18,20,26,23,16
116,Франка,Сеаренсе,82,74,13,18,23,25,22,19,24,12
117,Коринтианс,Фламенго,68,91,16,22,18,27,18,20,16,22
118,Ботафого,Итабом/Бауру,74,80,18,15,19,13,21,23,16,29
119,Юницеуб,Паулистано,71,97,11,22,23,21,14,24,23,30
120,Пиньейрос,Минас,87,75,19,21,24,14,20,24,24,16
121,Жоинвиль,Моги,84,90,26,15,17,24,20,22,14,16
122,Сеаренсе,Паулистано,65,77,14,15,15,21,20,20,16,21
123,Васко да Гама,Итабом/Бауру,82,88,23,19,20,23,20,22,19,24
124,Коринтианс,Минас,97,82,28,25,26,13,16,20,27,24
125,Моги,Сан Жозе/Юнимед/Винак,88,82,19,20,23,22,22,18,24,22
126,Паулистано,Коринтианс,82,78,22,15,27,28,18,19,15,16
127,Жоинвиль,Франка,80,95,21,22,15,22,21,23,23,28
128,Паулистано,Юницеуб,83,82,23,26,30,11,16,24,14,21
129,Минас,Фламенго,80,91,12,26,19,27,29,17,20,21
130,Коринтианс,Итабом/Бауру,87,83,16,21,23,13,28,21,20,28
131,Васко да Гама,Моги,75,88,14,23,18,18,21,24,22,23
132,Ботафого,Пиньейрос,76,91,24,26,13,21,24,21,15,23
133,Сан Жозе/Юнимед/Винак,Юницеуб,87,75,23,26,18,16,22,14,24,19
134,Сеаренсе,Минас,70,61,15,8,19,21,18,17,18,15
135,Васко да Гама,Пиньейрос,65,71,19,18,19,11,18,22,9,20
136,Паулистано,Жоинвиль,109,97,28,29,24,13,27,24,30,31
137,Юницеуб,Минас,88,77,20,12,22,20,15,20,31,25
138,Сан Жозе/Юнимед/Винак,Жоинвиль,102,100,27,29,20,18,20,17,35,36
139,Моги,Коринтианс,102,96,21,24,25,26,17,18,23,18
140,Фламенго,Ботафого,102,73,26,15,21,17,32,21,23,20
141,Сеаренсе,Васко да Гама,66,60,17,14,13,14,24,15,12,17
142,Моги,Жоинвиль,81,67,24,15,18,9,15,21,24,22
143,Итабом/Бауру,Паулистано,85,64,14,15,27,12,28,9,16,28
144,Коринтианс,Сан Жозе/Юнимед/Винак,74,82,14,15,19,16,19,20,22,31
145,Сеаренсе,Юницеуб,76,63,17,14,22,15,19,24,18,10
146,Минас,Ботафого,85,77,22,16,22,25,23,12,18,24
147,Пиньейрос,Франка,91,79,16,24,24,17,28,13,23,25
148,Васко да Гама,Ботафого,79,97,24,20,9,24,24,31,22,22
149,Васко да Гама,Сан Жозе/Юнимед/Винак,81,77,19,13,18,11,25,19,19,34
150,Ботафого,Сан Жозе/Юнимед/Винак,84,74,20,24,20,6,25,30,19,14
151,Минас,Коринтианс,72,69,17,21,10,11,24,18,21,19
152,Франка,Паулистано,89,73,21,19,18,17,34,17,16,20
153,Жоинвиль,Юницеуб,77,84,19,18,18,19,20,27,20,20
154,Франка,Сан Жозе/Юнимед/Винак,95,93,23,31,29,18,22,16,21,28
155,Пиньейрос,Юницеуб,79,61,24,16,13,11,20,13,22,21
156,Паулистано,Сан Жозе/Юнимед/Винак,88,82,21,11,17,18,29,27,21,26
157,Моги,Франка,89,95,19,21,21,24,21,27,28,23
158,Васко да Гама,Коринтианс,78,68,13,19,15,10,22,15,28,24
159,Паулистано,Фламенго,97,84,16,23,34,18,26,17,21,26
160,Сеаренсе,Ботафого,65,54,14,14,20,15,14,15,17,10
161,Моги,Итабом/Бауру,73,67,19,15,19,18,12,15,23,19
162,Юницеуб,Ботафого,82,64,21,16,16,13,24,21,21,14
163,Сан Жозе/Юнимед/Винак,Фламенго,57,64,22,15,8,19,14,11,13,19
164,Минас,Моги,97,99,24,22,15,30,21,23,37,24
165,Жоинвиль,Итабом/Бауру,89,56,20,22,27,17,18,8,24,9
166,Коринтианс,Сеаренсе,57,55,12,13,22,17,11,9,12,16
167,Пиньейрос,Сеаренсе,88,86,14,22,15,12,23,14,25,29
168,Итабом/Бауру,Сан Жозе/Юнимед/Винак,63,75,16,12,12,17,20,16,15,30
169,Фламенго,Васко да Гама,90,70,20,9,31,15,22,19,17,27
170,Ботафого,Коринтианс,86,71,24,18,27,17,17,22,18,14
171,Франка,Фламенго,84,77,15,21,28,17,15,17,26,22
172,Итабом/Бауру,Минас,81,68,19,17,25,18,21,14,16,19
173,Пиньейрос,Паулистано,71,82,15,15,21,16,21,28,14,23
174,Жоинвиль,Сеаренсе,72,69,22,11,23,22,14,20,13,16
175,Франка,Минас,83,66,24,15,18,18,21,19,20,14
176,Итабом/Бауру,Фламенго,47,77,7,17,15,22,18,20,7,18
177,Сан Жозе/Юнимед/Винак,Моги,74,96,27,22,15,19,9,30,23,25
178,Минас,Пиньейрос,83,79,20,17,19,21,18,16,26,25
179,Фламенго,Коринтианс,72,64,23,6,10,23,15,15,24,20
180,Васко да Гама,Паулистано,60,76,13,23,10,16,24,13,13,24
181,Сеаренсе,Итабом/Бауру,82,73,21,13,17,21,20,22,24,17
182,Юницеуб,Франка,73,101,14,30,18,19,18,25,23,27
183,Фламенго,Пиньейрос,61,74,14,19,19,17,9,16,19,22
184,Ботафого,Моги,90,86,22,24,22,25,21,18,25,19
185,Жоинвиль,Коринтианс,72,98,20,26,17,21,17,27,18,24
186,Юницеуб,Итабом/Бауру,105,113,23,24,24,26,20,25,22,14
187,Сеаренсе,Франка,82,91,19,26,14,14,21,34,28,17
188,Минас,Васко да Гама,93,65,11,22,31,10,26,16,25,17
189,Ботафого,Паулистано,77,74,20,12,12,18,17,21,28,23
190,Фламенго,Моги,93,73,21,16,20,21,23,16,29,20
191,Минас,Жоинвиль,85,73,18,18,19,12,30,17,18,26
192,Итабом/Бауру,Франка,69,70,20,27,15,9,14,20,20,14
193,Моги,Юницеуб,97,82,24,26,27,18,23,18,23,20
194,Пиньейрос,Коринтианс,76,85,18,26,24,19,24,19,10,21
195,Франка,Васко да Гама,101,75,23,19,30,23,20,15,28,18
196,Итабом/Бауру,Ботафого,82,63,17,17,17,13,28,16,20,17
197,Коринтианс,Юницеуб,91,79,27,26,23,18,21,16,20,19
198,Паулистано,Минас,81,76,15,15,17,26,26,24,23,11
199,Итабом/Бауру,Васко да Гама,76,80,18,26,20,14,22,23,16,17
200,Паулистано,Сеаренсе,72,60,26,12,14,17,16,19,16,12
201,Сан Жозе/Юнимед/Винак,Минас,62,71,10,19,17,11,14,13,21,28
202,Жоинвиль,Пиньейрос,68,87,10,22,17,19,21,22,20,24
203,Моги,Сеаренсе,100,72,25,21,25,23,20,14,30,14
204,Франка,Ботафого,74,77,17,16,13,21,23,21,21,19
205,Коринтианс,Паулистано,83,92,19,25,23,22,17,25,24,20
206,Васко да Гама,Жоинвиль,66,74,17,14,15,28,16,17,18,15
207,Моги,Пиньейрос,77,83,20,21,24,23,17,27,16,12
208,Фламенго,Жоинвиль,76,75,12,22,26,25,22,11,16,17
209,Сан Жозе/Юнимед/Винак,Сеаренсе,92,86,22,19,16,22,27,12,15,27
210,Коринтианс,Франка,80,83,23,21,13,23,19,18,25,21
211,Ботафого,Жоинвиль,62,64,19,21,15,10,13,19,15,14
212,Пиньейрос,Сан Жозе/Юнимед/Винак,88,86,14,19,23,13,21,25,30,29
213,Юницеуб,Фламенго,69,94,19,27,16,22,22,27,12,18
214,Пиньейрос,Итабом/Бауру,92,81,27,12,13,22,25,25,27,22
215,Сеаренсе,Фламенго,54,73,17,23,9,16,13,14,15,20
216,Юницеуб,Васко да Гама,76,77,14,21,25,16,19,24,18,16
217,Паулистано,Моги,75,85,19,15,20,26,17,16,19,28
0,Унифакиса,Сан-Паулу,103,106,26,31,19,21,22,23,36,31
1,Пиньейрос,Юницеуб,106,71,27,25,33,23,28,12,18,11
2,Коринтианс,Минас,70,77,15,22,18,28,20,14,17,13
3,Франка,Итабом/Бауру,81,79,26,16,16,16,25,13,14,34
4,Сан Жозе/Юнимед/Винак,Моги,97,89,23,19,20,19,23,21,31,30
5,Пиньейрос,Риу-Клару,80,86,22,24,20,15,20,20,18,27
6,Коринтианс,Моги,78,70,18,16,19,19,21,13,20,22
7,Сан-Паулу,Итабом/Бауру,99,64,24,12,22,17,24,19,29,16
8,Юницеуб,Сан Жозе/Юнимед/Винак,77,92,18,17,17,34,19,19,23,22
9,Унифакиса,Паулистано,101,90,22,14,21,24,22,29,36,23
10,Пиньейрос,Пато А.,87,83,27,20,19,13,14,20,27,30
11,Итабом/Бауру,Минас,84,94,25,26,23,20,17,22,19,26
12,Коринтианс,Пато А.,93,81,25,12,28,23,19,26,21,20
13,Сеаренсе,Паулистано,99,95,18,14,21,14,14,25,28,28
14,Моги,Ботафого,89,61,26,16,22,14,16,12,25,19
15,Франка,Минас,91,82,25,19,21,14,21,18,24,31
16,Итабом/Бауру,Юницеуб,79,83,19,19,16,25,16,16,28,23
17,Сан Жозе/Юнимед/Винак,Фламенго,97,102,27,24,14,23,21,28,24,11
18,Риу-Клару,Пато А.,77,57,19,15,20,13,24,14,14,15
19,Моги,Паулистано,83,94,10,24,17,28,19,13,37,29
20,Фламенго,Пиньейрос,93,82,23,18,25,22,24,18,21,24
21,Франка,Юницеуб,97,71,31,19,16,12,28,24,22,16
22,Риу-Клару,Унифакиса,90,80,16,26,23,18,20,14,31,22
23,Сан Жозе/Юнимед/Винак,Ботафого,81,87,18,20,13,17,28,27,22,23
24,Ботафого,Пиньейрос,88,86,17,17,15,22,19,16,26,22
25,Сан-Паулу,Коринтианс,89,80,29,21,20,10,12,28,28,21
26,Паулистано,Итабом/Бауру,88,93,27,20,23,28,21,19,17,26
27,Риу-Клару,Сеаренсе,86,79,21,19,20,20,21,21,24,19
28,Пато А.,Унифакиса,71,61,12,17,17,15,21,17,21,12
29,Минас,Сан Жозе/Юнимед/Винак,124,119,30,21,20,25,31,17,26,44
30,Пато А.,Сеаренсе,84,72,13,10,21,21,24,17,26,24
31,Юницеуб,Паулистано,90,78,23,24,20,17,22,21,25,16
32,Пиньейрос,Коринтианс,81,78,25,26,14,18,25,21,17,13
33,Риу-Клару,Ботафого,89,90,21,14,27,29,16,21,25,26
34,Сеаренсе,Итабом/Бауру,78,83,14,25,22,14,22,22,20,22
35,Юницеуб,Сан-Паулу,73,96,15,30,17,23,23,23,18,20
36,Минас,Паулистано,66,71,16,14,13,24,19,17,18,16
37,Пато А.,Ботафого,69,75,23,8,18,19,11,26,17,22
38,Пиньейрос,Сан Жозе/Юнимед/Винак,83,92,24,20,24,23,19,14,16,35
39,Унифакиса,Итабом/Бауру,83,64,24,11,18,10,21,18,20,25
40,Коринтианс,Риу-Клару,88,79,22,16,19,21,26,26,21,16
41,Минас,Моги,87,71,21,22,24,17,21,11,21,21
42,Паулистано,Фламенго,70,86,20,24,12,19,13,22,25,21
43,Унифакиса,Франка,86,92,27,26,20,22,15,26,24,18
44,Моги,Фламенго,69,74,24,22,21,20,14,14,10,18
45,Минас,Сан-Паулу,85,87,22,29,26,20,17,25,20,13
46,Сеаренсе,Франка,75,97,27,24,13,30,17,22,18,21
47,Ботафого,Юницеуб,84,78,16,29,18,9,23,16,27,24
48,Итабом/Бауру,Пиньейрос,70,63,19,18,15,10,22,13,14,22
49,Юницеуб,Моги,70,86,23,18,15,28,15,15,17,25
50,Пато А.,Фламенго,71,86,19,22,17,19,16,26,19,19
51,Итабом/Бауру,Коринтианс,75,74,30,16,21,21,17,17,7,20
52,Сан Жозе/Юнимед/Винак,Унифакиса,91,71,32,18,17,13,20,19,22,21
53,Франка,Пиньейрос,78,69,19,19,19,17,15,19,25,14
54,Пато А.,Сан-Паулу,86,106,17,19,23,27,22,30,24,30
55,Фламенго,Сеаренсе,78,71,24,17,15,13,22,13,17,28
56,Моги,Унифакиса,96,94,16,24,27,25,28,18,25,27
57,Ботафого,Сеаренсе,86,72,27,20,21,17,13,21,25,14
58,Франка,Коринтианс,94,83,21,18,27,18,27,20,19,27
59,Фламенго,Минас,91,95,23,16,13,12,24,27,16,21
60,Сан-Паулу,Паулистано,75,74,16,26,13,17,24,20,22,11
61,Ботафого,Унифакиса,76,81,25,17,12,23,22,21,17,20
62,Сан Жозе/Юнимед/Винак,Сеаренсе,83,104,27,23,20,31,21,19,15,31
63,Итабом/Бауру,Риу-Клару,104,76,27,15,23,21,30,16,24,24
64,Моги,Франка,83,82,17,11,26,19,24,24,16,28
65,Ботафого,Минас,84,86,17,20,25,22,22,23,20,21
66,Фламенго,Унифакиса,83,77,18,22,18,15,19,21,28,19
67,Моги,Сеаренсе,78,73,14,21,20,13,18,20,26,19
68,Сан-Паулу,Франка,79,86,21,24,16,16,17,20,25,26
69,Пиньейрос,Моги,110,106,22,19,21,22,27,21,22,30
70,Паулистано,Франка,72,85,12,22,18,21,16,20,26,22
71,Фламенго,Юницеуб,94,77,22,19,32,16,15,20,25,22
72,Риу-Клару,Сан Жозе/Юнимед/Винак,92,78,22,15,20,20,23,19,27,24
73,Сеаренсе,Коринтианс,78,84,14,19,10,21,21,23,33,21
74,Минас,Риу-Клару,104,71,26,13,23,25,22,17,33,16
75,Унифакиса,Коринтианс,77,70,17,13,18,15,23,27,19,15
76,Сан Жозе/Юнимед/Винак,Сан-Паулу,97,99,37,16,25,22,20,38,15,23
77,Юницеуб,Риу-Клару,87,92,22,21,19,27,18,16,28,28
78,Сан-Паулу,Ботафого,83,68,14,16,17,18,20,14,32,20
79,Сан Жозе/Юнимед/Винак,Итабом/Бауру,80,108,26,30,22,21,18,34,14,23
80,Унифакиса,Пиньейрос,80,81,16,27,22,21,22,15,20,18
81,Паулистано,Ботафого,73,72,15,15,19,21,24,23,15,13
82,Минас,Пато А.,86,76,21,18,15,19,31,19,19,20
83,Сеаренсе,Пиньейрос,57,77,14,22,10,22,13,17,20,16
84,Коринтианс,Сан Жозе/Юнимед/Винак,103,92,34,22,18,19,26,26,25,25
85,Риу-Клару,Сан-Паулу,94,90,25,24,19,28,23,14,27,24
86,Юницеуб,Пато А.,76,73,14,20,20,14,23,22,19,17
87,Минас,Юницеуб,90,60,24,17,18,15,29,10,19,18
88,Сан-Паулу,Пато А.,87,63,22,7,12,22,21,21,32,13
89,Моги,Сан Жозе/Юнимед/Винак,85,78,20,21,22,22,28,14,15,21
90,Унифакиса,Сеаренсе,65,55,19,13,16,10,18,18,12,14
91,Коринтианс,Фламенго,68,72,26,18,7,24,24,8,11,22
92,Итабом/Бауру,Франка,61,80,14,20,12,19,20,21,15,20
93,Пиньейрос,Ботафого,92,98,25,25,26,24,21,22,20,27
94,Паулистано,Пато А.,74,96,14,21,16,21,27,28,17,26
95,Юницеуб,Пиньейрос,79,86,23,19,21,16,26,29,9,22
96,Минас,Коринтианс,83,82,19,18,10,20,28,25,26,19
97,Ботафого,Моги,69,79,14,23,18,15,19,19,18,22
98,Пато А.,Риу-Клару,80,78,13,26,17,21,26,14,24,17
99,Юницеуб,Коринтианс,85,73,17,23,13,14,26,20,29,16
100,Минас,Пиньейрос,57,64,14,18,14,14,13,15,16,17
101,Ботафого,Сан Жозе/Юнимед/Винак,93,75,24,21,22,22,22,19,25,13
102,Пато А.,Итабом/Бауру,76,79,17,12,22,18,10,17,15,17
103,Сан-Паулу,Риу-Клару,95,106,30,21,14,17,25,33,26,35
104,Фламенго,Сан Жозе/Юнимед/Винак,103,83,23,18,26,20,30,20,24,25
105,Унифакиса,Минас,84,92,16,22,26,25,20,25,22,20
106,Паулистано,Сан-Паулу,92,98,20,28,28,14,15,26,22,17
107,Риу-Клару,Франка,98,84,24,24,20,26,26,18,28,16
108,Сеаренсе,Минас,79,82,16,28,25,11,19,22,19,21
109,Унифакиса,Моги,99,83,33,11,16,20,23,28,27,24
110,Фламенго,Риу-Клару,91,78,26,19,27,21,29,19,9,19
111,Франка,Сан-Паулу,87,88,18,15,14,13,19,29,26,20
112,Коринтианс,Пиньейрос,81,82,17,20,25,16,21,21,18,25
113,Сеаренсе,Моги,67,71,16,13,21,18,21,19,9,21
114,Итабом/Бауру,Сан-Паулу,70,73,25,16,16,16,14,18,15,23
115,Унифакиса,Юницеуб,91,72,21,18,19,15,24,24,27,15
116,Ботафого,Риу-Клару,92,72,24,25,21,17,27,13,20,17
117,Франка,Фламенго,78,82,20,25,12,15,19,18,27,24
118,Сан Жозе/Юнимед/Винак,Минас,93,109,31,23,17,31,25,32,20,23
119,Сеаренсе,Юницеуб,91,56,27,11,22,13,26,24,16,8
120,Итабом/Бауру,Фламенго,66,79,16,28,16,19,13,8,21,24
121,Моги,Минас,91,84,28,18,15,24,19,18,29,24
122,Паулистано,Риу-Клару,87,90,20,21,22,19,26,25,19,25
123,Сан-Паулу,Унифакиса,79,89,9,25,24,18,25,23,21,23
124,Моги,Юницеуб,93,84,31,20,20,18,17,33,25,13
125,Франка,Ботафого,85,68,20,15,18,18,21,22,26,13
126,Пиньейрос,Унифакиса,83,82,23,24,14,17,24,23,22,18
127,Сан Жозе/Юнимед/Винак,Юницеуб,92,94,23,23,27,19,23,29,19,23
128,Итабом/Бауру,Ботафого,71,78,13,17,13,19,21,23,24,19
129,Сан-Паулу,Сеаренсе,92,73,22,20,21,12,28,20,21,21
130,Пато А.,Коринтианс,68,80,17,21,17,23,16,17,18,19
131,Паулистано,Унифакиса,77,76,17,20,17,10,16,26,27,20
132,Пиньейрос,Сеаренсе,83,70,21,14,21,19,19,19,22,18
133,Коринтианс,Унифакиса,91,75,18,18,26,24,28,20,19,13
134,Риу-Клару,Итабом/Бауру,74,92,18,29,14,26,16,17,26,20
135,Фламенго,Ботафого,81,72,16,20,27,14,22,23,16,15
136,Пиньейрос,Паулистано,76,81,17,23,24,18,8,11,27,29
137,Коринтианс,Сеаренсе,80,69,14,13,23,18,18,13,25,25
138,Сан Жозе/Юнимед/Винак,Риу-Клару,87,95,12,10,18,22,20,18,22,22
139,Минас,Франка,89,97,22,23,15,20,21,19,22,18
140,Пиньейрос,Фламенго,70,75,13,19,22,19,19,13,16,24
141,Паулистано,Сеаренсе,76,78,21,13,15,16,17,28,23,21
142,Юницеуб,Франка,72,81,13,29,19,11,18,22,22,19
143,Моги,Риу-Клару,81,83,24,17,18,21,27,24,12,21
144,Пиньейрос,Сан-Паулу,78,88,15,22,18,13,20,24,25,29
145,Сан Жозе/Юнимед/Винак,Пато А.,81,71,15,12,21,13,21,22,24,24
146,Коринтианс,Паулистано,78,64,16,15,18,13,25,22,19,14
147,Минас,Итабом/Бауру,87,68,14,14,27,17,27,19,19,18
148,Моги,Пато А.,73,64,22,9,20,15,14,23,17,17
149,Юницеуб,Итабом/Бауру,62,96,17,27,13,24,9,27,23,18
150,Унифакиса,Сан Жозе/Юнимед/Винак,89,77,24,14,15,27,22,13,28,23
151,Франка,Паулистано,89,92,27,18,17,24,20,27,25,23
152,Фламенго,Моги,74,75,24,22,19,17,14,21,17,15
153,Ботафого,Пато А.,85,79,16,17,26,23,18,14,25,25
154,Сеаренсе,Сан Жозе/Юнимед/Винак,77,81,14,16,23,16,22,33,18,16
155,Итабом/Бауру,Паулистано,74,82,19,19,14,23,33,17,8,23
156,Ботафого,Сан-Паулу,78,85,16,23,23,14,17,29,22,19
157,Фламенго,Пато А.,76,59,19,19,21,15,16,15,20,10
158,Франка,Моги,86,80,17,12,24,25,21,21,24,22
159,Франка,Сан Жозе/Юнимед/Винак,95,90,26,23,20,19,19,16,30,32
160,Паулистано,Юницеуб,86,68,22,18,21,15,22,16,21,19
161,Итабом/Бауру,Моги,87,75,29,17,17,23,13,20,28,15
162,Сеаренсе,Фламенго,71,88,24,18,15,32,15,17,17,21
163,Пато А.,Пиньейрос,67,81,11,24,17,18,22,18,17,21
164,Сан-Паулу,Юницеуб,81,69,22,15,14,13,21,18,24,23
165,Итабом/Бауру,Сан Жозе/Юнимед/Винак,96,98,22,13,17,26,17,16,28,29
166,Сеаренсе,Ботафого,72,76,20,19,5,20,23,16,24,21
167,Унифакиса,Фламенго,79,80,18,27,22,17,17,22,22,14
168,Пато А.,Франка,47,82,13,26,7,16,14,17,13,23
169,Риу-Клару,Коринтианс,73,82,20,28,12,20,15,11,26,23
170,Унифакиса,Ботафого,72,64,23,12,14,18,12,21,23,13
171,Паулистано,Минас,80,76,17,20,17,21,19,16,27,19
172,Сан-Паулу,Минас,75,78,23,20,12,18,24,20,16,20
173,Коринтианс,Ботафого,102,76,25,17,32,18,22,24,23,17
174,Моги,Пиньейрос,73,69,14,17,21,19,17,21,21,12
175,Итабом/Бауру,Сеаренсе,90,80,26,25,12,11,25,15,27,29
176,Риу-Клару,Юницеуб,75,86,19,19,20,21,12,22,24,24
177,Сан Жозе/Юнимед/Винак,Пиньейрос,84,89,20,13,21,11,21,32,13,19
178,Ботафого,Паулистано,70,84,10,26,17,23,27,18,16,17
179,Франка,Сеаренсе,88,80,25,19,14,26,23,18,26,17
180,Пато А.,Юницеуб,73,76,10,17,24,19,14,17,25,23
181,Итабом/Бауру,Унифакиса,92,99,20,25,20,18,23,26,20,14
182,Риу-Клару,Пиньейрос,76,81,18,18,12,16,22,22,24,25
183,Сан Жозе/Юнимед/Винак,Коринтианс,70,85,12,21,26,19,15,26,17,19
184,Фламенго,Сан-Паулу,95,102,23,30,30,18,24,23,18,31
185,Франка,Унифакиса,86,75,23,16,19,19,24,20,20,20
186,Моги,Коринтианс,85,79,19,22,19,17,18,17,29,23
187,Пато А.,Минас,62,80,12,21,11,17,15,17,24,25
188,Пиньейрос,Итабом/Бауру,76,68,15,13,14,14,24,13,23,28
189,Риу-Клару,Минас,89,90,26,20,23,22,23,19,17,29
190,Сан-Паулу,Моги,80,83,19,17,16,24,29,17,16,25
191,Фламенго,Паулистано,78,75,23,24,14,14,21,21,20,16
192,Коринтианс,Итабом/Бауру,88,71,22,17,21,15,24,26,21,13
193,Пиньейрос,Франка,87,96,18,26,19,22,21,26,29,22
194,Коринтианс,Франка,87,89,20,20,21,16,13,28,33,25
195,Юницеуб,Фламенго,81,86,25,19,19,21,20,22,17,24
196,Сан-Паулу,Сан Жозе/Юнимед/Винак,73,67,16,15,18,20,22,15,17,17
197,Сеаренсе,Пато А.,78,58,22,10,21,18,13,11,22,19
198,Паулистано,Моги,94,105,24,31,25,20,24,27,21,27
199,Юницеуб,Ботафого,78,63,22,18,12,19,22,17,22,9
200,Унифакиса,Пато А.,76,60,20,12,13,19,21,14,22,15
201,Коринтианс,Сан-Паулу,84,97,11,22,16,24,20,20,37,31
202,Паулистано,Сан Жозе/Юнимед/Винак,93,75,25,19,20,17,27,17,21,22
203,Минас,Ботафого,84,85,23,21,17,9,18,20,26,35
204,Сеаренсе,Риу-Клару,87,90,25,24,16,18,21,18,25,30
205,Унифакиса,Риу-Клару,101,86,19,25,31,16,27,14,24,31
206,Минас,Фламенго,85,93,20,32,18,20,20,24,27,17
0,Сан-Паулу,Фламенго,85,93,20,26,19,19,21,23,25,25
1,Сан-Паулу,Фламенго,81,82,21,18,16,31,19,19,25,14
2,Фламенго,Сан-Паулу,96,93,24,25,18,21,30,20,24,27
3,Сан-Паулу,Минас,80,79,19,18,19,24,25,20,17,17
4,Паулистано,Фламенго,58,69,12,17,18,17,12,17,16,18
5,Паулистано,Фламенго,75,81,26,22,13,20,9,9,27,30
6,Сан-Паулу,Минас,90,85,23,32,14,22,23,15,30,16
7,Фламенго,Паулистано,92,69,25,15,15,23,29,16,23,15
8,Минас,Сан-Паулу,70,88,14,24,19,28,24,24,13,12
9,Минас,Франка,93,68,25,19,27,14,23,11,18,24
10,Паулистано,Итабом/Бауру,78,65,15,15,12,12,17,17,34,21
11,Минас,Франка,72,82,11,28,23,20,23,17,15,17
12,Сан-Паулу,Коринтианс,79,68,17,11,16,19,23,19,23,19
13,Фламенго,Моги,77,67,28,22,20,14,19,12,10,19
14,Паулистано,Итабом/Бауру,77,87,21,25,20,22,17,19,19,21
15,Франка,Минас,85,91,17,25,16,23,16,28,36,15
16,Коринтианс,Сан-Паулу,71,78,18,15,19,17,13,29,21,17
17,Итабом/Бауру,Паулистано,66,78,17,14,17,25,14,24,18,15
18,Моги,Фламенго,79,109,23,32,16,24,19,32,21,21
19,Моги,Унифакиса,94,85,27,25,26,26,16,26,25,8
20,Франка,Сеаренсе,82,58,19,13,17,13,22,17,24,15
21,Коринтианс,Пато А.,89,84,31,19,15,25,14,25,21,12
22,Моги,Унифакиса,84,95,27,26,17,25,22,20,18,24
23,Итабом/Бауру,Кашиас-до-Сул,74,73,12,20,19,18,23,14,20,21
24,Пато А.,Коринтианс,61,90,10,17,17,24,15,24,19,25
25,Сеаренсе,Франка,64,82,17,23,21,16,9,16,17,27
26,Унифакиса,Моги,70,77,12,15,16,20,18,18,24,24
27,Кашиас-до-Сул,Итабом/Бауру,65,75,10,18,22,15,7,18,26,24
28,Сеаренсе,Паулистано,92,97,14,24,24,18,21,15,19,21
29,Итабом/Бауру,Серраду,81,69,18,17,18,18,23,15,22,19
30,Пиньейрос,Кампо-Муран,84,75,14,9,21,22,26,22,23,22
31,Серраду,Паулистано,67,75,16,21,10,20,21,16,20,18
32,Сеаренсе,Кампо-Муран,83,84,19,17,21,20,17,18,26,29
33,Итабом/Бауру,Моги,82,91,16,24,19,23,24,25,23,19
34,Унифакиса,Пато А.,99,80,39,19,13,14,26,30,21,17
35,Серраду,Пиньейрос,63,71,13,18,11,19,20,20,19,14
36,Кампо-Муран,Коринтианс,74,86,12,27,17,12,23,28,22,19
37,Унифакиса,Итабом/Бауру,72,88,14,17,16,21,18,25,24,25
38,Моги,Юницеуб,97,77,22,19,21,15,27,26,27,17
39,Фламенго,Серраду,88,57,18,15,21,13,36,21,13,8
40,Пиньейрос,Паулистано,47,69,6,19,16,19,22,17,3,14
41,Кашиас-до-Сул,Пато А.,83,85,15,14,14,18,19,19,22,19
42,Минас,Итабом/Бауру,81,79,19,18,22,18,23,25,17,18
43,Сеаренсе,Франка,84,69,24,9,12,26,24,17,24,17
44,Кампо-Муран,Сан-Паулу,74,99,22,17,17,25,16,31,19,26
45,Кашиас-до-Сул,Фламенго,58,77,10,15,14,13,29,24,5,25
46,Коринтианс,Унифакиса,93,79,24,19,20,24,24,19,25,17
47,Паулистано,Юницеуб,70,66,18,23,11,18,16,12,25,13
48,Франка,Серраду,93,81,22,12,25,24,15,25,31,20
49,Пато А.,Моги,73,62,18,19,22,16,17,18,16,9
50,Минас,Пиньейрос,93,61,21,14,17,20,31,15,24,12
51,Итабом/Бауру,Сеаренсе,98,97,24,20,20,17,28,28,16,23
52,Коринтианс,Сан-Паулу,78,85,23,11,20,26,16,18,19,30
53,Юницеуб,Кампо-Муран,89,79,20,24,20,16,28,22,21,17
54,Кашиас-до-Сул,Франка,77,71,20,16,18,21,16,16,23,18
55,Пато А.,Паулистано,49,87,11,22,15,13,14,26,9,26
56,Серраду,Сан-Паулу,80,86,20,25,18,17,19,19,23,25
57,Минас,Сеаренсе,92,66,22,9,17,22,25,19,28,16
58,Фламенго,Коринтианс,98,85,24,19,19,23,29,18,26,25
59,Франка,Унифакиса,96,89,30,14,18,25,25,20,23,30
60,Коринтианс,Минас,78,65,23,16,14,17,24,17,17,15
61,Моги,Фламенго,74,89,14,23,14,23,24,18,22,25
62,Унифакиса,Сан-Паулу,79,90,16,26,22,17,28,25,13,22
63,Юницеуб,Франка,79,96,28,23,15,18,21,20,15,35
64,Фламенго,Пиньейрос,100,63,33,15,17,12,27,14,23,22
65,Коринтианс,Пато А.,91,82,23,12,24,22,24,21,20,27
66,Минас,Моги,85,80,21,25,16,16,22,17,26,22
67,Кампо-Муран,Кашиас-до-Сул,73,89,19,26,10,20,24,17,20,26
68,Сан-Паулу,Сеаренсе,98,76,18,12,30,17,18,23,32,24
69,Юницеуб,Итабом/Бауру,70,99,22,16,10,29,17,26,21,28
70,Минас,Кашиас-до-Сул,74,70,22,18,14,16,14,15,24,21
71,Паулистано,Унифакиса,81,65,20,8,20,19,21,23,20,15
72,Моги,Кампо-Муран,96,79,24,12,27,24,19,28,26,15
73,Пато А.,Пиньейрос,89,88,26,18,24,13,12,27,27,30
74,Сан-Паулу,Юницеуб,92,46,11,13,31,10,28,7,22,16
75,Моги,Паулистано,62,69,6,10,23,18,9,20,24,21
76,Сеаренсе,Коринтианс,77,83,24,18,13,17,25,24,15,24
77,Фламенго,Итабом/Бауру,91,86,23,22,19,25,25,22,24,17
78,Кампо-Муран,Франка,73,113,13,23,16,21,21,30,23,39
79,Кашиас-до-Сул,Сеаренсе,81,82,17,16,24,21,15,19,25,26
80,Франка,Фламенго,91,94,23,22,15,19,30,32,23,21
81,Итабом/Бауру,Кампо-Муран,104,92,26,23,25,23,25,20,28,26
82,Паулистано,Минас,76,74,24,16,18,15,20,23,14,20
83,Сан-Паулу,Пато А.,84,85,19,17,20,22,24,24,21,22
84,Пиньейрос,Сеаренсе,46,92,17,28,11,13,10,26,8,25
85,Унифакиса,Моги,88,70,24,18,15,16,29,20,20,16
86,Коринтианс,Юницеуб,96,70,24,16,23,15,20,17,29,22
87,Кашиас-до-Сул,Серраду,91,88,21,21,23,27,16,16,17,13
88,Франка,Минас,87,93,26,29,21,20,17,19,23,25
89,Фламенго,Сан-Паулу,93,74,25,13,21,20,16,16,31,25
90,Кампо-Муран,Паулистано,78,86,18,21,14,20,22,19,24,26
91,Итабом/Бауру,Пато А.,101,55,31,18,19,13,24,12,27,12
92,Моги,Сеаренсе,84,94,16,21,17,23,29,28,22,22
93,Коринтианс,Серраду,83,61,11,16,20,21,21,13,31,11
94,Пиньейрос,Унифакиса,73,87,12,32,19,17,15,19,27,19
95,Юницеуб,Кашиас-до-Сул,66,88,25,26,8,11,12,20,21,31
96,Паулистано,Фламенго,70,84,23,23,12,15,17,23,18,23
97,Сан-Паулу,Минас,90,92,24,23,23,13,19,27,24,29
98,Франка,Пато А.,109,68,26,12,27,20,34,16,22,20
99,Серраду,Моги,78,84,24,20,17,18,18,16,19,30
100,Пиньейрос,Юницеуб,52,97,7,14,10,26,14,29,21,28
101,Унифакиса,Кашиас-до-Сул,88,83,23,23,18,29,24,19,23,12
102,Пато А.,Минас,67,83,16,19,17,27,12,22,22,15
103,Кампо-Муран,Фламенго,74,93,25,17,18,21,9,31,22,24
104,Моги,Франка,87,75,25,21,22,23,22,15,18,16
105,Паулистано,Сан-Паулу,63,71,13,14,10,17,21,18,19,22
106,Кашиас-до-Сул,Пиньейрос,76,73,19,16,17,12,12,17,28,28
107,Минас,Кампо-Муран,91,70,18,18,27,14,24,17,22,21
108,Пато А.,Фламенго,61,85,20,22,17,9,9,29,15,25
109,Юницеуб,Серраду,73,86,15,26,11,18,28,20,19,22
110,Сеаренсе,Унифакиса,75,87,16,25,19,18,14,27,26,17
111,Кашиас-до-Сул,Коринтианс,79,78,20,24,25,21,15,14,19,19
112,Сан-Паулу,Пиньейрос,100,74,19,17,28,19,30,13,23,25
113,Итабом/Бауру,Франка,74,70,19,11,15,24,26,16,14,19
114,Юницеуб,Сеаренсе,87,67,19,17,30,11,21,23,17,16
115,Минас,Фламенго,94,96,21,17,16,19,21,27,17,12
116,Унифакиса,Серраду,67,81,23,14,19,22,11,25,14,20
117,Пато А.,Кампо-Муран,86,82,24,19,23,16,19,23,20,24
118,Сан-Паулу,Итабом/Бауру,92,84,21,20,19,26,24,21,28,17
119,Франка,Паулистано,90,82,23,13,31,29,16,26,20,14
120,Пиньейрос,Коринтианс,67,98,16,26,14,23,13,30,24,19
121,Моги,Кашиас-до-Сул,86,75,29,13,13,21,25,18,19,23
122,Сеаренсе,Серраду,86,77,15,25,13,18,26,14,19,16
123,Юницеуб,Унифакиса,86,103,23,27,21,24,20,23,22,29
124,Паулистано,Итабом/Бауру,69,64,12,17,17,11,17,15,23,21
125,Франка,Сан-Паулу,76,97,18,25,16,21,20,24,22,27
126,Моги,Коринтианс,75,77,19,17,22,19,15,23,19,18
127,Коринтианс,Паулистано,98,100,9,13,22,15,20,19,17,21
128,Унифакиса,Минас,76,88,18,26,18,23,22,25,18,14
129,Серраду,Пато А.,77,76,22,18,16,18,18,18,21,22
130,Фламенго,Юницеуб,115,58,29,22,34,14,25,10,27,12
131,Пиньейрос,Моги,77,81,25,26,17,19,19,22,16,14
132,Коринтианс,Итабом/Бауру,74,64,18,20,15,16,21,14,20,14
133,Паулистано,Кашиас-до-Сул,71,64,17,17,21,19,14,20,19,8
134,Унифакиса,Фламенго,79,81,8,19,23,19,23,23,25,20
135,Юницеуб,Минас,75,99,26,25,11,21,18,29,20,24
136,Серраду,Кампо-Муран,74,57,12,13,14,11,19,19,29,14
137,Сеаренсе,Пато А.,68,71,23,14,19,18,16,25,10,14
138,Сан-Паулу,Моги,96,72,23,13,22,16,27,20,24,23
139,Пиньейрос,Франка,101,99,22,24,22,19,23,22,25,27
140,Кашиас-до-Сул,Итабом/Бауру,63,71,25,21,10,19,12,14,16,17
141,Фламенго,Сеаренсе,77,74,24,18,22,12,12,16,19,28
142,Серраду,Минас,80,93,20,27,19,21,11,23,30,22
143,Кампо-Муран,Унифакиса,59,72,16,20,14,12,10,22,19,18
144,Пато А.,Юницеуб,98,76,22,18,25,10,31,27,20,21
145,Франка,Коринтианс,84,81,19,17,18,21,20,28,27,15
146,Итабом/Бауру,Пиньейрос,60,72,16,24,17,19,13,15,14,14
147,Сан-Паулу,Кашиас-до-Сул,86,81,19,24,20,14,30,24,17,19
148,Коринтианс,Кашиас-до-Сул,77,83,16,18,21,14,23,23,17,28
149,Пиньейрос,Итабом/Бауру,89,92,15,30,30,22,14,20,30,20
150,Унифакиса,Паулистано,89,77,23,17,21,22,32,18,13,20
151,Серраду,Коринтианс,71,74,19,14,21,21,11,22,20,17
152,Кашиас-до-Сул,Моги,87,92,21,14,8,13,22,27,22,19
153,Паулистано,Пиньейрос,68,46,16,11,18,17,16,15,18,3
154,Итабом/Бауру,Унифакиса,89,75,27,18,23,22,17,18,22,17
155,Юницеуб,Моги,86,90,14,21,22,14,28,25,22,30
156,Кампо-Муран,Серраду,66,74,15,15,17,20,18,11,16,28
157,Пато А.,Кашиас-до-Сул,77,92,18,13,12,27,20,26,27,26
158,Минас,Паулистано,70,63,23,9,15,25,16,16,16,13
159,Сеаренсе,Итабом/Бауру,71,60,8,8,19,14,26,20,18,18
160,Коринтианс,Кампо-Муран,96,72,30,27,29,15,22,23,15,7
161,Моги,Пато А.,78,63,19,16,24,15,19,21,16,11
162,Серраду,Юницеуб,97,85,20,14,21,30,28,18,28,23
163,Паулистано,Сеаренсе,78,73,28,12,19,18,14,22,17,21
164,Итабом/Бауру,Минас,75,85,20,19,13,14,12,27,30,25
165,Пато А.,Коринтианс,75,80,18,12,15,25,20,24,22,19
166,Кампо-Муран,Моги,92,86,28,20,17,23,21,24,26,19
167,Сан-Паулу,Паулистано,78,64,11,12,16,8,19,24,15,17
168,Франка,Итабом/Бауру,82,89,13,18,13,27,34,21,22,23
169,Коринтианс,Фламенго,83,69,15,22,16,11,21,13,31,23
170,Моги,Пиньейрос,74,68,18,10,17,20,21,17,18,21
171,Итабом/Бауру,Сан-Паулу,79,68,28,15,8,20,24,14,19,19
172,Паулистано,Франка,87,85,22,13,10,22,23,20,15,15
173,Фламенго,Моги,87,56,17,15,30,12,17,14,23,15
174,Сеаренсе,Сан-Паулу,92,85,15,20,21,21,32,29,24,15
175,Минас,Франка,89,82,22,28,15,18,24,28,28,8
176,Унифакиса,Пиньейрос,72,84,15,21,15,16,17,22,25,25
177,Фламенго,Кашиас-до-Сул,80,76,18,21,21,21,18,19,23,15
178,Кампо-Муран,Юницеуб,94,78,22,32,21,17,26,14,25,15
179,Пато А.,Серраду,79,68,22,15,20,16,17,21,20,16
180,Сан-Паулу,Унифакиса,77,65,18,13,20,18,19,12,20,22
181,Франка,Сеаренсе,98,81,26,18,26,18,22,31,24,14
182,Пиньейрос,Минас,76,84,19,23,14,24,17,20,26,17
183,Кашиас-до-Сул,Кампо-Муран,76,96,21,19,7,22,18,21,30,34
184,Серраду,Фламенго,67,87,17,29,18,14,18,22,14,22
185,Юницеуб,Пато А.,98,104,17,21,18,21,27,22,21,19
186,Сеаренсе,Пиньейрос,79,62,24,16,22,12,15,14,18,20
187,Минас,Сан-Паулу,96,92,19,21,13,28,28,22,36,21
188,Унифакиса,Франка,92,85,23,25,22,24,23,19,24,17
189,Юницеуб,Фламенго,74,103,24,22,9,28,17,25,24,28
190,Паулистано,Кампо-Муран,103,101,18,20,21,16,25,19,20,29
191,Моги,Минас,74,80,22,22,15,15,18,19,19,24
192,Сан-Паулу,Серраду,91,83,21,25,23,18,21,24,26,16
193,Кампо-Муран,Итабом/Бауру,75,88,21,19,21,28,17,19,16,22
194,Франка,Кашиас-до-Сул,84,81,22,18,17,16,25,22,20,25
195,Сеаренсе,Моги,85,88,24,17,16,24,23,27,22,20
196,Кашиас-до-Сул,Сан-Паулу,89,109,13,32,18,27,30,23,28,27
197,Пиньейрос,Серраду,80,77,16,23,15,13,26,14,23,27
198,Франка,Юницеуб,90,93,18,21,18,21,23,25,31,26
199,Паулистано,Пато А.,75,68,14,21,16,14,22,17,23,16
200,Итабом/Бауру,Фламенго,73,90,13,28,24,27,19,15,17,20
201,Юницеуб,Сан-Паулу,80,104,23,25,14,23,18,31,25,25
202,Пиньейрос,Кашиас-до-Сул,79,72,15,21,22,13,25,17,17,21
203,Моги,Унифакиса,98,91,29,21,18,16,24,28,27,26
204,Фламенго,Паулистано,104,76,26,10,28,30,22,17,28,19
205,Пато А.,Итабом/Бауру,80,79,19,16,21,22,22,23,18,18
206,Унифакиса,Коринтианс,94,74,25,17,22,25,22,13,25,19
207,Сан-Паулу,Фламенго,80,68,13,15,21,12,15,19,31,22
208,Итабом/Бауру,Паулистано,81,62,20,22,14,19,22,12,25,9
209,Франка,Кампо-Муран,95,58,17,5,19,13,25,15,34,25
210,Пиньейрос,Пато А.,85,77,24,11,22,20,17,16,22,30
211,Кашиас-до-Сул,Унифакиса,65,90,15,23,14,20,17,17,19,30
212,Минас,Серраду,97,77,17,12,27,21,29,17,24,27
213,Сеаренсе,Юницеуб,71,63,15,7,15,19,18,18,23,19
214,Итабом/Бауру,Коринтианс,82,67,18,18,25,14,22,19,17,16
215,Фламенго,Франка,93,62,15,15,29,17,29,17,20,13
216,Пато А.,Сан-Паулу,71,80,16,17,20,27,19,14,16,22
217,Кампо-Муран,Пиньейрос,79,66,16,9,22,18,20,12,21,27
218,Серраду,Сеаренсе,73,75,27,19,11,25,13,15,22,16
219,Паулистано,Моги,69,62,12,12,10,11,19,18,28,21
220,Унифакиса,Юницеуб,91,74,26,24,25,16,18,16,22,18
221,Кашиас-до-Сул,Минас,63,94,17,18,18,24,13,22,15,30
222,Сан-Паулу,Кампо-Муран,92,79,24,19,18,19,25,20,25,21
223,Пиньейрос,Фламенго,62,95,19,27,10,30,16,24,17,14
224,Пато А.,Франка,64,86,12,24,17,14,19,27,16,21
225,Минас,Юницеуб,105,100,29,32,27,16,12,23,19,16
226,Сеаренсе,Кашиас-до-Сул,85,78,27,15,18,22,23,26,17,15
227,Серраду,Унифакиса,67,75,19,22,17,12,14,14,17,27
228,Коринтианс,Моги,81,87,25,15,12,19,18,18,26,35
229,Серраду,Кашиас-до-Сул,67,63,20,19,15,11,15,12,17,21
230,Моги,Серраду,81,75,16,27,21,15,21,15,23,18
231,Юницеуб,Коринтианс,71,85,11,21,20,23,22,19,18,22
232,Фламенго,Пато А.,105,70,34,22,21,21,27,19,23,8
233,Кашиас-до-Сул,Паулистано,62,86,15,18,13,27,20,18,14,23
234,Юницеуб,Пиньейрос,84,78,19,24,21,9,26,21,18,24
235,Минас,Унифакиса,108,99,33,24,26,25,23,22,26,28
236,Сан-Паулу,Франка,90,96,16,30,19,22,30,14,25,30
237,Фламенго,Кампо-Муран,78,63,15,10,17,15,18,19,28,19
238,Итабом/Бауру,Кашиас-до-Сул,74,54,17,11,22,13,18,14,17,16
239,Паулистано,Серраду,72,61,21,16,13,14,17,26,21,5
240,Франка,Моги,94,82,20,23,24,9,22,31,28,19
241,Пиньейрос,Сан-Паулу,73,100,17,21,15,24,19,23,22,32
242,Сеаренсе,Минас,67,82,18,21,9,25,23,19,17,17
243,Пато А.,Унифакиса,85,76,16,21,14,21,31,17,24,17
244,Паулистано,Коринтианс,75,74,20,20,21,13,20,14,14,27
245,Серраду,Итабом/Бауру,81,83,15,29,14,17,30,16,22,21
246,Кашиас-до-Сул,Юницеуб,84,69,22,16,21,15,22,19,19,19
247,Моги,Сан-Паулу,75,112,11,20,23,25,18,41,23,26
248,Унифакиса,Сеаренсе,69,67,21,17,19,12,20,23,9,15
249,Кампо-Муран,Пато А.,78,82,22,19,21,21,15,25,20,17
250,Коринтианс,Пиньейрос,76,74,27,22,22,20,16,17,11,15
251,Итабом/Бауру,Юницеуб,93,70,23,15,25,12,22,17,23,26
252,Серраду,Франка,79,86,17,27,26,12,14,22,22,25
253,Франка,Пиньейрос,80,60,23,16,23,18,16,14,18,12
254,Фламенго,Унифакиса,86,79,25,27,15,18,27,18,19,16
255,Юницеуб,Паулистано,57,73,22,15,11,16,15,20,9,22
256,Пато А.,Сеаренсе,69,76,15,19,15,22,15,24,24,11
257,Сан-Паулу,Коринтианс,107,61,26,15,26,25,27,13,28,8
258,Кампо-Муран,Минас,54,90,12,21,16,23,18,25,8,21
259,Моги,Итабом/Бауру,85,90,18,26,25,24,22,22,20,18
260,Минас,Пато А.,76,54,16,16,25,10,22,15,13,13
261,Сеаренсе,Фламенго,69,82,18,27,15,13,16,24,20,18
262,Коринтианс,Франка,109,86,32,13,19,30,30,21,28,22
263,Унифакиса,Кампо-Муран,86,88,22,18,25,23,24,18,15,29
264,Фламенго,Минас,102,68,25,25,34,15,19,7,24,21
265,Кампо-Муран,Сеаренсе,61,74,14,15,5,13,27,21,15,25
